DOY, 2015:WRNO:outflow (kcfs), 2014:WRNO:outflow (kcfs), 2013:WRNO:outflow (kcfs), 2012:WRNO:outflow (kcfs), 2011:WRNO:outflow (kcfs), 2010:WRNO:outflow (kcfs), 2009:WRNO:outflow (kcfs), 2008:WRNO:outflow (kcfs), 2007:WRNO:outflow (kcfs), 2006:WRNO:outflow (kcfs), 2005:WRNO:outflow (kcfs), 2004:WRNO:outflow (kcfs), 2003:WRNO:outflow (kcfs), 2002:WRNO:outflow (kcfs), 2001:WRNO:outflow (kcfs), 2000:WRNO:outflow (kcfs), 1999:WRNO:outflow (kcfs), 1998:WRNO:outflow (kcfs)
1,198.412,121.554,187.088,175.967,169.813,115.483,126.26,116.46,137.996,135.975,191.862,138.879,123.208,119.779,138.683,165.592,199.5,139.025
2,190.829,120.671,221.346,116.583,151.596,105.879,142.4,160.646,129.883,206.738,132.1,122.45,112.525,114.95,135.983,194.587,189.1,148.029
3,193,118.883,190.45,153.037,200.617,116.912,178.5,130.287,157.283,207.271,164.3,135.388,121.246,108.829,136.067,205.921,214,150.033
4,203.579,122.663,185.913,166.217,188.833,121.371,175.2,145.875,177.8,175.033,164.8,160.425,110.204,114.754,137.571,202.946,211.5,150.233
5,178.442,126.442,183.05,149.446,141.2,131.304,173.4,149.333,190.542,177.5,166.7,171.85,110.575,127.104,132.925,188.237,198.5,183.079
6,178.679,145.867,167.938,139.608,138.492,147.542,183,149.883,189.254,151.954,163.9,166.788,117.054,126.008,130.217,213.083,204.3,211.283
7,191.3,151.725,160.854,124.154,140.817,169.9,207.5,145.525,170.554,164.246,153.4,182.554,117.279,139.908,137.933,189.042,203.8,178.95
8,188.717,146.929,175.342,128.342,132.225,130.329,203.9,167.117,174.679,153.512,161.4,151.033,133.317,131.421,130.1,198.054,215.5,160.25
9,184.717,152.65,209.258,139.771,164.5,140.833,199.1,175.558,172.171,163.375,120.1,154.475,140.379,160.592,129.442,217.029,239.8,189.104
10,196.913,146.163,190.133,138.646,150.838,118.625,188.1,149.804,178.888,186.012,141.1,112.542,122.421,171.608,126.854,227.421,216.9,191.137
11,214.733,112.821,188.696,164.35,177.583,120.587,155.8,156.429,164.967,193.85,154.2,118.875,125.938,142.925,130.096,218.608,195.6,195.508
12,199.317,150.238,195.621,147.838,187.492,121.046,174.8,157.425,196.642,221.996,125.8,126.021,121.171,122.004,130.146,213.646,203.3,191.112
13,197.333,136.796,191.933,138.4,172.95,122.971,173.9,128.133,190.858,229.8,162.5,139.104,117.571,137.95,128.492,207.979,232.3,188.642
14,194.837,125.758,187.421,129.108,167.842,135.2,191.5,134.558,195.075,216.242,198,128.229,113.575,128.888,128.825,201.721,237.7,194.208
15,199.963,123.129,199.833,128.679,188.588,114.712,231.5,156.671,213.104,196.242,159.7,129.288,116.337,134.646,129.242,214.704,221.1,179.913
16,182.517,154.054,202.813,143.912,180.942,117.192,207.5,164.075,214.392,196.987,138.2,147.483,117.987,196.604,131.775,209.429,237.833,191.329
17,207.1,138.096,206.179,134.35,228.867,126.417,194.3,173.888,200.454,210.825,148.6,123.167,125.529,168.325,133.35,193.896,242.3,156.996
18,184.417,125.829,183.992,166.629,274.988,115.083,192.9,139.096,196.675,225.154,128.6,133.925,124.992,160.504,148.454,199.825,244.1,163.392
19,218.333,127.692,169.029,172.388,277.213,114.779,193.1,162.542,199.171,211.521,148.9,129.196,118.837,128.05,157.988,205.625,239.4,149.558
20,210.858,140.408,171.988,181.204,254.179,121.096,187.6,114.129,182.212,260.375,137.4,136.808,120.675,130,136.104,200.417,230.6,183.263
21,240.162,149.542,188.425,166.208,239.396,115.213,179,155.562,158.892,204.879,139.5,132.463,122.638,143.963,135.242,195.208,233.7,198.317
22,220.912,138.154,191.592,151.892,241.538,114.158,175.1,158.979,177.987,204.304,141.7,125.308,121.708,143.054,133.817,200.087,242.2,190.946
23,208.733,134.988,192.408,152.075,263.425,116.746,164.1,165.567,173.179,180.717,134.5,128.854,114.029,167.7,135.512,177.004,258.3,209.525
24,190.171,139.038,168.65,173.354,277.838,123.467,169.6,161.317,183.192,179.696,140.7,136.417,115.579,173.25,127.517,194.271,246.8,171.125
25,181.45,132.646,181.767,149.617,265.892,133.738,167,153.95,176.542,184.362,142.8,112.938,113.008,116.954,129.946,204.987,215.5,150.242
26,198.267,132.279,155.158,159.175,232.246,126.079,176.1,178.1,192.317,175.475,159,140.167,107.692,158.433,129.279,202.833,214.7,154.479
27,202.95,134.621,146.517,172.388,270.8,117.962,197.3,117.392,193.4,173.438,162.7,150.483,125.725,128.458,128.588,217.654,225.8,159.604
28,198.304,130.433,143.988,172.154,261.158,123.775,177.1,163.613,163.596,165.775,148,153.55,152.554,142.313,133.679,227.092,239.7,193.888
29,209.721,118.692,140.071,147.746,232.779,120.312,150.1,153.3,165.25,150.621,148.4,173.246,165.612,166.879,126.862,232.121,237.4,199.162
30,205.833,114.046,147.438,137.392,203.713,116.487,190.7,127.083,165.158,188.942,130.8,171.225,147.483,170.263,128.804,213.112,231.1,203.6
31,208.963,120.15,174.517,152.996,238.904,114.692,135.5,125.225,159.017,199.846,132.5,186.479,176.621,169.708,130.779,211.083,198.8,201.188
32,228.254,117.388,144.246,148.912,244.083,119.033,152.7,111.354,174.125,206.621,146,132.733,233.687,163.471,132.383,198.188,227.5,189.446
33,228.433,121.083,147.588,140.204,211.604,117.288,126.8,144.421,158.95,197.867,149.8,172.425,219.188,152.242,129.371,223.842,225.5,186.879
34,201.342,120.033,146.875,140.179,206.171,117.871,131.3,124.763,163.246,203.183,143.6,154.329,191.929,128.708,129.475,232.962,225.2,199.075
35,231.838,125.1,149.317,138.479,210.279,120.517,128.9,157.233,143.654,154.104,153.3,145.654,194.367,160.629,127.792,235.45,252.1,199.713
36,231.829,131.954,148.225,137.458,176.625,119.825,125.4,154.679,148.662,186.958,167.5,157.867,146.329,167.196,123.104,188.992,213.7,194.371
37,221.538,137.313,148.496,136.2,168.2,120.683,122.8,127.767,147.408,205.162,151,145.746,139.804,158.183,122.292,191.167,227.1,199.308
38,245.071,133.221,146.604,142.312,163.417,121.275,123.8,135.167,150.608,205.35,163,139.213,159.971,156.6,123.004,189.817,232.1,212.233
39,260.354,135.571,146.35,146.675,213.913,124.246,123.7,109.4,147.971,201.4,149.1,125.892,143.546,168.875,124.579,201.562,241,205.221
40,237.663,132.579,147.004,129.308,234.079,125.062,119.9,143.5,149.654,182.608,154.7,127.821,124.125,172.846,126.283,179.2,246.8,202.554
41,247.504,130.117,147.642,135.204,220.029,125.013,122.2,106.7,151.6,163.46,162.5,132.162,129.129,125.242,125.629,193.05,237.5,228.133
42,266.975,124.579,150.875,138.525,223.792,123.675,145.1,127.229,147.458,165.475,167.1,144.346,133.092,144.454,127.379,193.708,237.588,217.742
43,272.004,111.554,150.904,138.5,232.458,118.708,168.2,135.463,146.646,161.5,154.8,139.758,125.9,172.133,126.917,234.054, NA,227.471
44,257.1,100.767,150.346,137.329,190.313,121.125,121.1,163.45,147.388,181.175,122.1,138.779,128.388,136.758,130.45,223.154,221.679,224.204
45,251.171,134.463,150.375,154.983,198.533,119.042,121.1,182.538,152.696,189.35,128.8,136.037,128.871,176.758,146.454,194.892,232.208,209.392
46,259.475,168.933,154.604,150.158,243.988,120.462,126.8,175.992,157.442,168.492,155.2,127.225,122.429,154.571,144.329,196.658,218.442,176.596
47,265.692,139.454,153.146,170.917,236.288,119.729,128,128.175,162.879,186.663,158,129.692,112.304,131.492,152.717,224.15,208,188.408
48,257.05,161.971,154.396,136.571,221.692,121.537,126.4,129.538,161.075,196.321,165,130.588,114.196,122.671,136.867,218.958,215.6,201.192
49,258.35,160.742,154.546,124.8,233.167,125.421,128.6,142.225,124.583,182.7,157.4,128.979,113.038,122.704,132.679,216.592,211.6,203.046
50,232.688,154.533,155.296,129.421,216.479,125.108,130.7,174.562,157.604,175.379,152.4,146.967,133.346,136.958,133.571,202.796,236.9,220.217
51,253.088,143.313,151.258,148.246,216.65,125.321,131.1,160.221,162.4,164.208,134.6,149.483,126.738,150.763,131.658,151.1,234,217.313
52,242.254,124.058,148.163,134.446,204.488,125.437,134.5,141.254,157.033,178.321,126.9,117.083,118.646,149.346,131.292,151.804,212.3,211.317
53,231.733,142.5,140.229,149.8,195.346,127.337,130.7,142.65,134.267,154.521,126,121.05,112.783,135.871,128.279,157.621,217.1,213.188
54,238.513,131.629,136.408,201.275,220.075,127.583,127.2,126.333,133.808,171.013,126.5,129.763,123.488,119.113,125.762,161.017,231.2,199.112
55,236.808,134.275,134.592,168.683,206.079,120.613,119.6,119.138,141.175,186.677,125.4,149.787,124.846,129.779,125.237,190.292,253.9,203.746
56,220.546,125.108,127.875,131.912,195.371,118.5,114.2,123.408,136.162,188.167,121,159.917,129.675,150.642,125.021,204.062,237.3,220.025
57,199.763,122.008,129.033,162.917,191.188,117.879,137.4,128.171,135.763,142.646,121.142,127.121,133.983,163.317,128.625,196.454,263.4,210.833
58,213.746,133.013,129.275,176.146,204.896,110.462,156.5,146.596,150.429,162.488,122.4,150.404,119.9,152.596,131.908,193.442,264.5,214.546
59,218.25,141.413,128.842,185.538,203.796,110.167,136.4,147.346,133.146,173.942,120.8,135.15,130.583,161.217,131.3,176.746,260.5,205.292
60,209.971,147.758,126.038,145.704,238.967,113.288,125.1,133.062,185.546,200.283,120.4,126.483,128.733,151.188,128.954,198.875,226,193.625
61,195.583,165.933,123.729,135.658,220.988,110.979,124.8,127.363,172.829,170.221,119.5,141.483,125.275,134.279,127.321,199.346,252.029,187.725
62,183.683,174.717,124.625,158.933,227.05,111.796,118.4,129.45,162.404,148.396,129.3,142.321,137.321,123.55,126.683,199.187,269.471,179.292
63,193.879,200.342,131.142,152.954,223.942,113.596,136.6,141.733,143.404,128.633,140.4,171.854,146.675,121.271,129.837,199,274.971,199.704
64,197.779,187.046,131.696,152.092,202.692,116.783,128.5,161.042,138.446,145.358,142.7,155.287,160.15,120.65,128.862,178.217,294.154,207.479
65,215.938,226.254,130.579,152.042,191.225,120.579,157.8,175.233,144.508,168.625,122.062,166.883,147.767,119.512,128.592,164.425,270.992,204.358
66,214.629,252.413,131.121,160.629,215.471,120.774,114.2,148.175,147.296,185.821,123.05,169.913,148.083,128.133,124.783,194.313,263.696,174.654
67,204.126,271.85,131.067,178.312,216.179,121.217,119,154.558,164.346,178.738,121.829,121.254,176.112,117.75,117.767,211.721,231.1,161.2
68,189.996,282.778,130.029,172.692,222.5,126.208,121.7,143.804,190.217,183.796,120.375,123.263,169.154,121.808,117.754,214.529,225.15,173.633
69,172.613,279.346,130.817,175.963,225.913,124.204,122.5,145.604,142.404,183.975,133.5,124.108,147.508,117.183,116.829,206.646,278.629,164.304
70,181.479,303.013,129.85,148.492,235.008,122.65,125,127.692,145.204,183.275,143.683,135.496,163.317,110.35,117.742,211.279,286.121,180.225
71,187.254,301.029,128.871,154.535,246.321,116.275,127.1,135.625,162.592,169.833,123.233,144.392,129.438,141.029,119.983,210.046,238.104,176.633
72,189.663,284.4,127.654,181.913,202.278,115.308,125.3,144.5,201.75,168.225,138.925,133.237,148.112,191.692,118.192,211.463,251.817,177.954
73,156.621,257.167,125.792,193.367,229.883,119.996,120.3,157.054,214.083,151.175,122.687,144.796,152.883,160.979,118.779,210.075,234.121,180.529
74,145.917,267.533,126.5,202.025,226.617,120.388,115.8,172.458,228.242,188.475,123.075,129.654,148.008,162.792,120.417,199.796,241.329,161.433
75,190.25,246.875,127.208,198.763,216.342,117.262,118.3,151.167,228.258,176.317,128.3,136.188,160.979,151.554,135.704,198.938,261.237,175.346
76,194.346,263.254,128.092,219.767,243.454,112.708,141.8,133.692,218.925,155.458,125.333,170.079,176.379,122.938,123.525,204.996,252.75,208.871
77,180.746,262.225,131.192,222.917,245.917,116.221,150.4,163.213,206.571,124.763,126.833,130.15,198.667,129.387,116.263,214.237,246.183,214.2
78,211.988,267.5,137.779,216.35,242.117,115.237,132.5,145.275,215.246,145.267,139.388,153.15,190.775,133.058,134.808,193.708,251.188,213.333
79,206.467,273.313,129.7,224.658,208.842,115.579,124.1,164.358,240.583,159.867,124.525,170.825,180.833,126.275,133.071,173.875,247.15,204.642
80,195.608,247.529,128.825,201.317,208.604,110.917,122.3,163.858,264.662,150.825,137.396,161.033,166.6,144.667,124.571,181.383,240.225,178.342
81,216.279,260.217,138.233,233.75,204.708,90.529,122.8,162.392,270.071,178.304,134.342,135.929,157.842,131.396,140.092,173.933,244.704,153.404
82,221.088,242.442,142.013,242.908,246.708,102.096,149.3,152.771,184.546,169.067,144.858,159.692,142.429,120.992,148.471,182.321,248.088,193.508
83,203.758,223.513,141.554,232.5,241.533,103.688,167.7,121.383,251.738,115.292,132.275,147.592,135.246,118.538,100.354,189.35,274.542,190.129
84,207.742,215.558,139.621,255.083,235.113,106.992,139.5,126.55,252.604,144.896,135.246,170.275,166.667,118.467,100.329,212.208,276.35,222.154
85,221.213,221.267,140.658,259.758,233.875,93.929,173.2,163.675,286.292,136.333,118.267,158.217,177.133,118.525,122.708,183.317,292.412,248.358
86,241.021,224.442,135.85,254.775,252.3,115.704,175.2,168.358,248.725,166.037,111.783,173.9,228.096,134.313,137.908,166.146,299.554,307.283
87,217.921,238.825,138.05,241.379,235.896,112.092,152.3,163.758,249.229,194.225,143.2,157.208,237.346,128.871,124.737,172.546,330.129,249.758
88,237.4,231.121,137.767,287.938,226.258,123.529,165.9,187.396,278.367,169.65,149.2,136.371,208.308,138.612,138.079,174.058,309.671,213.408
89,243.392,250.438,179.113,293.879,245.713,143.883,197.8,136.95,265.992,179.038,149.6,161.037,191.808,130.425,147.1,199.817,298.296,196.296
90,239.167,262.75,177.079,335.904,276.425,144.842,170.7,128.033,293.087,203.558,170.6,153.604,194.225,127.767,122.454,207.371,308.746,197.25
91,220.379,243.908,182.454,365.204,288.758,125.35,160.6,148.621,279.671,188.513,158.6,165.992,184.942,159.083,111.278,211.088,292.396,185.1
92,224.333,234.942,169.063,344.008,331.371,112.767,168.7,172.537,254.021,199.77,155.35,161.508,208.079,175.737,121.15,179.992,277.521,185.279
93,224.304,239.525,171.179,346.942,375.071,107.567,156.2,160.137,275.825,191.346,130.565,155.383,185.667,143.279,134.5,177.909,256.4,171.058
94,232.075,226.213,196.554,346.1,369.125,114.783,169.1,160.467,252.85,218.546,130.688,147.387,181.392,137.679,132.058,194.775,272.957,149.954
95,233.754,241.029,222.446,327.5,390.525,120.142,153.5,136.825,272.25,227.475,150.954,138.178,185.196,135.517,119.304,190.35,269.896,154.543
96,232.638,232.417,219.946,283.387,367.379,106.367,168.8,119.375,242.042,283.75,170.613,137.717,197.274,126.142,133.796,217.646,265.583,169.204
97,216.779,219.938,251.413,300.992,337.842,112.842,169.3,124.883,223.742,328.467,152.6,141.592,187.267,127.783,121.217,245.362,246.762,169.654
98,208.4,219.417,247.025,337.596,307.838,98.729,140.3,149.433,210.562,297.15,122.067,148.925,194.483,161.446,103.996,280.15,243.85,175.583
99,181.15,222.85,286.479,326.821,319.917,95.921,180.5,139.671,210.204,268.625,126.288,158.475,198.296,157.858,120.35,268.654,234.308,148.404
100,192.9,261.329,287.063,296.667,331.35,116.642,215.9,149.279,240.483,322.413,119,151.263,205.646,183.454,137.192,197.054,229.775,148.058
101,180.621,244.763,284.267,258.929,323.438,123.221,229.6,142.229,247.912,348.642,149.562,150.854,190.925,213.237,133.733,217.688,204.312,152.337
102,166.404,236.671,306.221,316.104,315.692,110.175,245.6,146.946,205.229,329.067,137.625,140.812,186.817,204.871,132.708,263.546,199.513,148.746
103,196.138,246.467,256.892,310.117,303.263,109.879,227.4,165.171,266.904,317.625,146.942,154.487,178.912,230.721,124.317,254.479,203.946,152.504
104,187.225,234.708,262.408,302.908,283.217,111.763,254.5,140.079,219.475,323.096,139.838,176.6,197.758,252.825,99.913,275.312,255.929,150.75
105,154.821,225.292,283.192,321.262,280.813,114.658,265,141.238,255.683,332.658,155.021,182.575,209.088,270.15,98.242,314.967,235.558,158.662
106,162.779,268.288,292.567,303.146,250.65,115.017,236.8,158.842,211.462,358.463,124.583,201.271,223.996,345.533,112.979,313.154,208.967,141.463
107,148.754,261.488,261.704,290.679,259.167,115.017,253.4,199.688,251.6,359.6,125.971,215.679,216.096,348.421,121.096,261.979,186.304,162.092
108,146.654,245.038,244.15,309.096,279.104,116.229,244.3,186.308,230.629,369.592,127.604,216.017,252.983,324.017,136.963,265.004,228.65,160.896
109,158.35,261.104,226.138,312.408,286.171,123.608,229.5,158.108,222.929,362.213,144.487,177.717,222.904,310.287,121.246,298.542,224.571,138.283
110,185.208,271.971,227.921,323.346,293.992,141.008,245.1,145.725,226.863,366.792,128.542,198.058,207.596,283.092,123.925,326.467,251.642,174.167
111,174.788,255.904,234.983,317.658,284.229,161.896,251.7,160.721,232.442,334.417,129.896,194.438,209.737,301.783,109.346,330.504,283.821,162.383
112,155.738,256.904,258.833,320.713,303.675,167.654,269.1,192.025,231.683,320.137,175.562,236.763,230.633,259.375,93.542,324.921,290.55,161.75
113,163.979,270.938,233.842,332.567,274.238,205.417,282.6,208.058,242.808,322.958,150.463,210.808,248.837,271.117,102.229,323.679,324.496,195.112
114,146.254,264.621,211.929,362.963,263.738,187.154,324.1,183.067,209.308,325.192,143.508,184.517,238.133,278.521,120.358,387.108,313.113,212.413
115,154.667,269.988,215.579,366.537,271.042,195.558,316.6,200.904,220.925,329.804,129.067,189.271,219.558,252.246,122.458,365.108,309.412,233.25
116,158.542,272.896,211.571,388.454,256.871,178.35,298.1,205.425,235.596,320.892,180.417,196.75,278.358,242.213,125.392,334.788,305.75,193.55
117,186.713,276.629,223.696,442.1,281.988,187.158,293.1,213.454,223.238,343.667,193.267,188.237,235.312,245.9,131.55,328.667,302.221,224.004
118,161.108,291.879,229.179,418.171,271.063,170.517,275.2,185,236.021,335.804,201.983,189.267,245.167,199.321,107.504,325.654,337.979,220.579
119,155.946,276.021,219.429,424.958,260.717,173.338,281.2,198.062,240.833,312.621,170.742,191.375,238.508,205.375,141.692,289.321,335.167,214.246
120,146.463,279.204,239.229,418.542,231.633,174.45,255.7,186.496,244.446,318.579,170.625,195.558,251.583,240.263,146.512,308.033,330.829,232.421
121,163.35,273.104,251.708,398.567,277.504,172.367,233.9,183.571,268.646,340.075,167.725,199.1,255.629,230.642,160.567,280.038,309.113,257.933
122,174.296,253.125,231.071,406.854,261.963,181.004,226.8,223.429,267.267,382.796,191.679,204.575,232.475,213.942,161.917,289.05,307.475,240.867
123,188.142,267.292,241.708,421.358,255.9,184.958,205.2,218.021,271.808,378.354,180.487,185.358,227.875,251.208,152.408,299.971,322.304,278.979
124,191.542,295.842,225.779,403.979,270.963,199.05,201.7,183.287,284.842,364.537,186.4,191.263,219.608,244.967,142.892,300.85,324.633,302.267
125,175.225,286.538,231.596,419.162,267.45,191.879,215.9,159.525,294.35,316.008,192.242,222.4,225.038,247.992,134.908,304.433,314.983,311.817
126,171.917,326.617,227.142,388.962,261.3,170.304,245.5,200.963,278.488,296.571,198.833,250.233,258.146,210.054,148.121,314.737,312.363,324.729
127,172.121,307.288,242.625,394.925,239.917,198.033,283.7,209.808,265.425,317.333,202.542,245.662,273.125,239.95,141.7,305.533,299.958,360.675
128,172.563,302,266.575,369.262,252.538,170.592,251.9,236.846,261.492,318.792,220.367,238.467,226.833,265.542,132.442,283.371,276.625,365.046
129,157.329,291.179,274.563,350.758,292.713,182.517,244.3,237.808,281.008,320.767,232.162,233.329,257.5,212.742,123.062,278.792,270.179,362.983
130,146.4,277.625,305.321,336.7,301.575,183.9,224.5,298.012,284.158,315.217,236.675,225.062,230.85,198.229,109.321,301.9,304.146,367.871
131,145.842,279.988,347.742,357.938,280.733,159.808,234.8,300.467,285.192,296.708,258.988,228.779,212.862,223.237,111.858,261.417,284.725,335.267
132,176.558,299.508,348.221,353.604,284.629,195.508,252,239.487,283.825,284.188,282.304,248.887,217.192,198.296,120,279.646,254.608,315.158
133,184.017,300.775,335.271,351.671,333.604,209.063,273.6,273.175,257.475,302.725,240.171,256.996,217.992,220.75,111.6,289.996,251.825,326.1
134,192.904,277.267,338.692,330.033,358.829,199.521,247.4,297.792,300.971,273.95,242.296,246.304,258.95,205.833,122.108,256.617,275.592,349.396
135,205.121,272,351.871,308.208,376.95,173.217,252.5,252.546,291.954,291.483,241.713,225.938,254.621,215.9,133.179,266.696,258.588,344.767
136,172.596,270.917,344.288,336.492,430.25,184.871,253.4,272.3,274.275,276.1,243.096,232.033,261.517,208.112,158.596,282.783,272.192,326.3
137,171.079,311.567,309.175,333.021,447.542,210.871,258.7,298.371,268.167,301.579,251.696,208.279,245.55,221.429,175.433,260.354,271.35,311.15
138,226.3,334.154,328.942,347.121,454.3,214.704,255.9,276.238,269.392,345.846,287.642,240.708,254.896,227.15,180.412,240.429,282.1,325.892
139,207.2,344.033,328.863,380.558,458.558,240.562,282.9,345.963,278.2,371.754,290.771,230.175,257.404,229.05,138.129,265.35,269.083,309.875
140,203.1,353.796,317.342,391.167,462.088,219.792,307.9,402.408,266.062,377.579,265.792,232.896,226.629,232.604,125.837,254.896,287.637,329.679
141,192.8,335.429,300.458,378.083,468.85,270.775,320.2,402.7,256.504,380.704,280.804,255.808,245.758,268.317,144.796,244.092,286.779,339.571
142,176.1,323.558,279.008,373.233,470.746,244.667,329.3,414.696,270.692,379.146,266.408,253.383,259.821,293.625,142.021,266.012,271.692,306.008
143,201.7,340.088,316.15,348.917,482.95,219.246,302,418.604,269.012,386.392,267.175,232.183,268.417,271.838,170.125,255.992,282.742,299.425
144,230.4,359.633,307.892,378.154,484.692,239.5,291.4,415.158,267.467,389.558,263.221,252.383,272.429,276.333,166.263,286.958,268.417,320.725
145,212.1,369.904,292.442,382.433,492.292,235.442,332,399.225,272.696,395.771,252.896,261.862,251.288,259.137,159.004,287.692,298.092,326.721
146,226.3,354.196,307.713,366.283,482.746,202.092,344.2,397.475,253.642,373.017,250.492,244.35,276.625,245.75,143.675,288.417,336.742,311.938
147,204.3,372.2,303.025,371.746,498.079,217.308,341.4,387.404,221.367,391.508,247.992,249.621,311.188,246.762,134.279,245.987,372.4,378.033
148,210.2,370.696,300.329,327.788,496.229,188.954,340.4,373.546,269.45,386.55,262.05,285.958,338.9,290.542,121.354,234.954,384.342,404.779
149,206,358.554,287.25,319.167,501.513,171.896,343.5,401.079,248.812,393.017,231.429,292.846,282.038,313.587,152.421,242.133,371.287,418.529
150,159.4,360.309,260.108,300.271,506.529,218.579,342.6,415.971,244.521,402.904,197.604,311.708,343.425,295.367,174.917,210.554,362.196,417.854
151,187.9,359.075,273.404,320.433,503.958,212.467,345.2,410.783,250.288,366.075,193.029,269.946,350.463,312.083,171.217,236.287,352.288,419.854
152,252.2,324.929,254.046,287.575,501.533,213.288,346.1,413.762,223.196,335.617,226.154,308.85,352.867,349.508,172.65,247.575,355.579,418.729
153,197.8,357.908,216.879,292.754,492.813,227.129,343.8,417.521,230.858,324.125,244.275,275.017,325.308,312.758,133.967,281.417,365.571,410.375
154,172.7,343.379,264.55,279.092,493.788,281.742,344.5,417.737,219.433,323.317,220.658,292.317,316.358,308.546,116.442,230.388,378.779,412.571
155,210.2,333.217,245.354,288.258,502.579,317.767,344.3,417.529,240.667,334.988,216.346,270.308,302.592,332,144.642,194.975,382.579,398.704
156,183.2,333.238,256.275,307.554,502.679,330.983,343.7,416.763,223.396,336.608,192.829,270.321,304.467,361.917,154.338,206.358,372.096,379.8
157,172.7,332.042,261.871,313.025,502.713,343.083,343,417.658,250.254,352.729,204.704,285.179,295.154,375.179,157.296,216,382.404,378.325
158,188.8,313.475,243.263,333.95,499.854,336.158,343.8,414.512,240.858,363.733,187.733,263.087,280.917,348.388,142.458,258.333,352.425,356.908
159,169.2,314.454,245.488,363.45,500.413,363.696,354.4,388.983,249.279,355.721,183.088,280.775,289.196,353.212,160.258,250.987,363.817,333.663
160,213.4,289.171,246.283,345.988,500.467,375.096,360.6,376.662,282.6,372.579,208.533,273.05,277.758,321.5,163.55,223.338,350.937,345.117
161,169.1,299.175,257.963,369.925,501.975,379.95,338.4,346.938,254.083,372.542,196.779,259.054,290.883,305.362,117.25,217.4,354.408,325.938
162,183.4,285.863,222.425,353.621,500.225,391.717,288,342.442,268.475,359.971,196.908,265.512,313.712,337.108,147.079,199.404,332.071,327.596
163,145,247.371,244.938,337.796,498.825,397.696,257.6,393.921,237.542,345.729,182.658,276.313,308.2,298.108,166.329,188.463,321.642,312.542
164,145.8,250.896,257.104,349.137,498.442,343.846,259.8,403.021,236.867,351.863,175.921,285.771,281.933,308.442,159.054,199.133,305.237,313.408
165,157.7,244.463,244.967,348.35,499.175,301.329,250.4,387.058,247.192,350.458,188.708,268.063,294.562,285.229,133.387,225.892,331.967,306.567
166,185.3,224.146,243.471,344.283,500.758,315.275,241.8,366.6,237.175,369.479,177.471,273.808,260.033,300.413,127.096,252.275,308.321,298.288
167,197.4,205.204,214.829,348.4,501.254,346.571,252.5,316.292,214.667,359.592,186.7,261.1,244.121,278.442,126.946,231.7,327.817,240.958
168,167,229.783,213.804,321.621,500.258,354.221,231.3,318.3,194.362,348.979,190.992,271.467,281.783,304.471,103.129,259.433,372.967,233.375
169,129.6,265.75,221.796,325.175,480.858,348.292,248.9,355.692,221.204,326.767,181.679,232.458,275.862,298.046,122.792,197.004,359.3,266.767
170,119.4,252.629,205.404,328.979,461.504,317.025,276.8,386.438,229.396,313.629,155.208,239.921,268.079,342.662,150.987,188.242,346.713,259.996
171,119.3,245.888,219.992,353.429,441.508,281.387,277,374.7,201.325,316.796,197.5,240.683,208.013,359.458,144.387,190.117,349.025,281.779
172,108.4,266.846,226.592,362.546,440.579,303.229,247.9,357.558,194.792,288.825,186.725,194.954,198.362,350.746,134.758,210.929,348.887,260.379
173,118.6,285.375,256.438,356.783,449.15,345.454,233.3,325.621,210.158,269.154,198.733,245.454,203.379,323.212,138,223.925,332.287,242.033
174,118.5,284.583,260.804,346.321,447.55,341.758,272.1,332.225,209.646,295.767,224.838,222.167,199.821,301.675,129.721,214.458,346.371,204.983
175,138.1,264.675,254.117,367.213,483.046,335,282.5,300.883,184.45,290.667,198.842,221.621,193.546,326.087,117.858,211.829,354.846,268.738
176,138.6,282.038,271.571,356.429,480.629,324.375,261.1,327.225,166.792,230.754,212.058,192.412,209.262,291.629,117.696,192.392,334.388,279.704
177,153.9,266.838,255.1,408.975,428.55,316.379,232.7,358.475,191.304,258.204,200.283,193.55,249.704,288.496,117.154,207.137,332.513,262.467
178,164.9,277.946,275.642,388.983,420.292,324.508,243.6,329.429,176.629,259.954,201.546,203.375,232.55,310.7,129.258,194.2,336.958,285.208
179,168,265.975,270.383,420.975,409.575,299.55,253.2,372.542,170.004,233.117,197.863,199.208,199.158,323.963,129.296,175.883,304.554,268.7
180,169.2,280.658,286.233,399.754,401.929,308.188,221,345.958,172.454,267.792,193.783,211.238,205.25,356.438,134.375,216.133,302.033,255.817
181,164.5,297.538,277.175,387.988,396.4,321.458,215.9,330.896,205.842,232.087,207.05,192.875,188.867,310.671,112.538,225.904,329.15,246.329
182,165.7,294.321,275.704,394.121,426.179,275.021,215.1,326.775,161.912,196.262,210.446,216.633,187.954,313.142,100.713,207.904,306,264.133
183,167.7,280.167,280.546,401.117,439.946,250.55,157.5,305.913,131.779,195.667,210.321,201.458,188.875,314.279,122.579,161.35,298.792,251.079
184,153.5,270.246,275.442,379.713,432.717,244.529,156.6,322.612,172.571,189.167,182.292,206.35,144.558,299.342,126.333,156.142,286.921,201.033
185,143.6,273.808,268.233,362.1,433.204,202.308,140,327.342,149.817,187.625,153.767,162.121,149.888,313.425,102.637,143.862,277.821,250.929
186,148.7,259.854,270.579,333.992,377.65,224.354,148.7,316.146,168.063,162.583,175.725,176.783,172.004,285.062,97.225,160.125,265.267,209.592
187,139.6,224.583,271.313,367.1,388.604,199.188,172.7,289.383,186.975,186.212,172.729,181.742,150.417,258.242,91.525,152.25,258.646,223.808
188,169.7,238.404,256.888,358.746,399.492,210.55,178.6,250.7,162.117,214.754,155.708,203.808,141.45,252.525,85.05,184.7,248.65,199.867
189,129.6,247.175,247.804,333.779,398.054,200.571,201,271.975,165.929,220.938,196.271,190.175,147.183,248.642,83.2,235.175,267.158,230.654
190,154,229.813,225.675,319.683,391.925,225.475,198.7,268.867,184.117,219.508,180.867,190.646,184.542,228.229,84.212,196.208,270.221,221.65
191,109.4,219.667,201.946,331.854,382.404,193.237,204.8,265.767,181.246,203.662,175.696,190.908,199.029,216.738,97.567,180.521,244.708,209.158
192,108.7,216.238,207.471,334.154,369.683,213.625,205.3,241.417,175.292,233.488,178.371,199.129,185.742,236.25,100.783,184.083,272.354,184.183
193,109.2,236.583,190.142,341.979,333.188,171.417,173.3,238.183,190.683,191.379,174.592,169.654,175.696,260.8,88.55,187.2,289.571,183.967
194,129.4,222.8,213.304,343.142,321.433,203.629,161.8,232.275,203.462,191.921,175.737,177.796,156.633,251.446,81.429,180.521,246.208,214.425
195,167.3,206.875,202.879,331.683,328.271,179.517,189.1,220.879,208.787,194.125,192.463,182.9,194.067,249.3,75.863,184.971,272.479,220.817
196,138.6,191.488,214.908,343.479,344.213,180.012,170.2,177.992,190.508,176.571,209.821,181.662,171.625,252.017,75.946,199.567,307.442,217.533
197,139,209.404,202.013,319.279,303.95,194.008,155.4,185.458,210.263,171.583,197.4,178.983,163.279,216.658,83.158,181.629,267.083,224.342
198,130.7,191.563,190.775,358.021,290.983,174.838,170.3,175.712,199.592,195.154,190.8,145.204,186.004,236.037,86.175,155.629,260.379,198.158
199,153.1,210.675,189.45,339.229,301.629,156.008,147.7,163.013,166.925,178.158,173.4,155.729,169.171,257.371,105.308,164.125,267.296,199.079
200,140,177.329,182.858,297.817,301.088,179.429,147.5,160.388,165.967,166.121,168.3,138.8,132.854,223.333,83.871,175.35,255.113,190.004
201,149.2,184.05,197.367,298.462,294.929,164.362,156.5,171.471,165.767,183.633,156.025,151.242,149.537,222.529,84.504,180.892,238.196,213.913
202,149.2,203.163,183.575,292.117,278.371,153.254,147.5,164.717,159.787,194.471,167.217,151.504,176.104,227.233,88.283,179.979,237.112,189.733
203,119.8,179.4,196.917,343.725,281.738,140.333,135,181.383,171.167,158.767,189.283,136.396,159.987,232.229,78.417,192.354,255.842,200.038
204,117.5,172.854,173.125,334.038,268.108,174.792,122.8,155.675,183.612,160.446,157.329,139.246,176.675,187.938,83.192,158.083,221.288,190.842
205,138.8,185.363,155.267,328.763,266.783,168.558,134,157.675,163.683,180.358,146.917,147.037,186.054,205.696,85.237,148.058,232.442,191.688
206,129.8,205.808,160.075,309.408,258.488,149.829,154.2,160.138,159.979,161.317,161.925,140.492,168.421,202.337,88.392,173.8,252.125,192.067
207,118.9,197.271,186.733,281.313,255.854,136.325,134.9,167.717,165.233,193.933,178.175,131.321,143.983,169.267,91.558,169.983,246.442,168.671
208,130.5,195.763,153.775,291.629,249.258,130.246,147.2,174.804,178.462,162.683,159.987,161.2,144.867,171.692,96.717,169.254,211.675,197.212
209,143.2,204.6,148.25,291.913,249.342,165.317,165.2,165.042,171.542,153.171,158.533,161.167,157.542,161.95,92.55,177.758,219.062,199.646
210,165.1,192.083,155.867,258.1,225.542,164.875,164.8,166.283,151.487,167.358,165.688,152.283,180.85,165.613,79.317,163.971,257.592,188.858
211,168.8,189.229,167.4,264.608,227.092,143.758,166.9,157.15,169.579,154.813,174.267,157.55,157.417,198.1,77.992,181.308,209.908,174.275
212,139.4,195.917,175.2,242.45,219.371,135.208,130.4,160.908,173.346,149.963,183.217,172.042,146.283,167.463,80.417,142.304,200.283,169.85
213,143.8,176.788,179.442,263.196,242.079,129.104,159.6,177.175,176.575,138.829,178.542,168.858,165.575,175.904,80.458,167.717,199.975,147.017
214,129.8,165.213,167.588,259.233,232.125,117.483,136.7,151.658,194.7,142.508,171.367,145.463,171.358,166.567,78.088,173.388,202.896,155.983
215,127.8,153.638,172.375,232.171,199.65,120.85,118.4,137.958,167.254,160.942,142.971,142.796,134.121,171.188,82.392,179.392,198.404,137.321
216,129.2,172.742,161.688,239.954,216.917,157.204,124.9,135.513,135.471,143.871,138.271,144.362,152.075,151.183,80.8,190.279,236.075,146.925
217,133.1,156.629,160.725,240.992,207.5,162.092,139.6,130.729,142.363,143.313,138.825,157.413,139.746,178.921,83.046,177.308,229.513,180.838
218,148.7,154.392,170.871,221.154,181.463,130.275,124.6,143.45,140.525,137.554,152.592,144.717,142.358,171.433,97.596,152.346,231.975,167.458
219,177.2,177.025,171.892,219.412,197.125,126.962,116.8,153.296,137.367,137.167,141.6,129.508,143.808,148.671,100.258,129.196,220.363,183.162
220,154.3,159.338,153.567,230.275,221.858,128.854,106.6,161.304,151.037,134.946,150.6,126.621,144.45,172.408,123.229,166.037,202.104,173.425
221,157.9,167.508,147.788,207.008,201.4,126.917,113,134.679,152.762,152.537,141.6,124.317,147.183,181.571,126.158,176.25,190.008,150.783
222,144.9,169.204,152.808,211.821,200.142,126.704,113.1,123.821,162.275,149.033,142.8,123.837,141.429,151.992,110.842,170.175,206.85,156.35
223,129.6,166.029,134.65,199.604,205.042,135.983,113.2,124.371,163.846,134.85,151.188,141.767,146.25,166.271,102.646,166.158,211.067,174.613
224,129.5,161.358,141.146,194.129,221.604,130.917,118.3,136.312,154.158,126.433,146.196,181.333,172.571,158.612,105.821,165.858,214.417,177.296
225,165.5,168.454,165.842,225.921,195.908,125.438,125.8,138.279,131.308,125.733,132.571,162.233,163.6,170.321,108.804,173.346,237.629,196.937
226,130.3,159.875,172.404,228.992,165.85,131.958,110.4,145.233,164.771,122.546,124.3,152.854,154.246,162.304,107.854,147.346,242.25,184.571
227,140.5,158.775,149.563,188.221,188.192,132.921,102.6,121.413,165.762,119.142,129.2,129.821,148.508,164.271,118.658,163.283,229.45,170.646
228,153.6,148.242,153.471,189.475,206.442,132.521,100.2,133.646,160.187,122.392,123.833,128.483,131.592,179.029,120.167,161.012,202.179,152.875
229,166.1,139.108,152.496,188.183,204.55,128.475,93.1,122.225,149.717,132.408,140.408,153.646,154.088,146.412,111.1,174.525,222.954,145.221
230,154.2,148.746,140.592,180.979,206.317,131.271,93.3,116.971,128.492,159.671,154.229,151.392,146.104,139.146,102.55,175.929,224.658,137.667
231,152.3,153.263,145.546,194.779,217.283,135.546,120.3,133.517,117.05,141.658,146.621,169.454,169.058,147.246,98.342,160.113,233.408,140.508
232,139,145.208,151.288,176.083,180.721,117.925,142.3,124.358,118.417,134.579,132.842,164.042,161.8,158.271,103.417,144.821,210.096,155.329
233,141.8,140.517,147.45,193.362,176.563,118.275,124.5,127.3,125.667,128.954,116.775,165.212,180.592,162.204,93.988,122.217,224.562,157.021
234,145.2,145.658,152.417,182.617,178.6,117.888,126.5,123.542,145.983,143.325,129.3,164.746,152.362,152.454,103.179,127.471,183.392,146.508
235,140.8,144.029,139.35,197.587,183.363,118.258,123.2,138.817,138.446,139.767,139.171,131.158,151.296,156.588,96.833,118.096,191.058,142.05
236,169,139.929,130.071,182.487,196.271,116.279,110.5,131.617,134.758,147.617,141.179,130.138,141.421,163.329,85.733,140.446,194.408,145.329
237,139.5,138.325,119.821,189.883,199.783,113.408,103.612,157.254,126.858,156.7,121.283,137.133,159.4,135.775,107.925,103.925,190.979,123.608
238,154.3,140.05,122.675,184.342,182.871,112.908,109.217,141.829,118.004,185.017,117.692,138.479,158.125,140.783,118.904,100.504,191.204,127.842
239,140.4,153.608,129.554,162.063,174.804,112.558,118.121,131.458,118.996,149.75,126.713,155.379,192.65,139.417,123.842,115.438,230.996,114.575
240,141.8,148.971,131.142,183.121,176.125,111.008,118.025,122.592,131.9,126.175,122.146,184.25,149.925,157.713,123.292,101.75,202.679,119.375
241,103.8,143.054,137.304,155.613,160.133,107.971,117.892,126.133,142.45,144.658,114.7,171.513,125.483,137.883,124.058,112.808,185.767,133.775
242,104.2,141.863,138.392,163.267,163.65,103.942,117.987,143.954,153.762,146.171,138.8,160.667,136.271,142.608,116.496,128.008,161.821,133.267
243,123.8,141.329,140.225,155.113,168.904,96.592,118.092,135.6,132.208,130.717,123.1,189.546,146.963,159.446,101.308,148.025,179.867,132.171
244,101.1,106.992,105.638,164.625,156.058,87.154,93.008,124.979,125.417,102.117,121.5,182.338,116.079,123.717,94.408,136.692,192.458,135.979
245,87.6,101.525,100.338,148.85,116.842,108.471,92.871,100.279,101.108,100.208,99.275,142.967,99.938,100.404,91.729,102.204,173.05,151.754
246,130.1,100.442,100.313,114.592,113.392,91.171,90.138,109.871,102.175,100.042,97.258,154.783,100.05,100.746,88.912,132.542,144.821,127.45
247,81.6,100.321,102.138,100.75,102.425,80.858,85.588,113.967,100.817,95.65,94.183,128.421,99.596,118.962,86.038,104.504,178.013,114.896
248,80.3,106.171,96.875,118.992,121.588,76.775,81.875,112.808,111.483,94.642,89.258,100.363,93.904,115.138,92.938,99.354,143.504,97.058
249,81.6,104.842,98.792,141.85,128.692,73.888,77.754,118.667,116.808,105.333,86.083,100.108,93.75,111.887,80.492,99.296,101.538,118.533
250,90.7,91.554,96.342,162.617,131.221,86.471,73.104,101.058,91.138,106.383,81.225,100.033,86.396,95.283,79.817,112.787,123.337,103.6
251,89.2,83.767,85.671,123.754,129.371,98.413,71.125,91,85.487,87.133,89.842,100.271,79.721,88.067,76.042,139.742,170.196,94.371
252,118.4,82.3,87.954,121.992,145.821,94.396,71.775,104.521,80.875,95.283,95.275,93.958,93.708,89.238,76.542,118.821,130.817,96.158
253,118.9,87.758,122.075,100.246,133.488,79.842,93.1,94.65,77.75,94.854,87.996,93.108,87.442,108.825,76.763,93.563,136.221,95.167
254,99.7,88.483,131.017,110.867,118.288,72.921,90.521,116.971,96.558,110.329,75.337,130.475,73.633,107.425,85.396,91.371,155.146,109.212
255,122.9,91.817,118.346,117.996,136.038,72.696,93.375,98.533,99.771,102.775,90.021,115.596,78.271,83.383,104.375,114.587,128.025,128.392
256,83.1,104.258,125.475,136.35,118.388,85.058,72.046,83.404,90.004,96.108,91.875,102.087,85.742,81.196,95.854,129.1,117.338,124.646
257,95.5,88.458,108.454,108.367,111.346,93.096,71.433,79.792,95.379,110.267,101.475,103.521,80.696,110.037,95.196,136.617,125.175,121.196
258,101.1,93.108,90.025,103.333,112.817,100.879,93.092,76.492,86.246,110.867,82.717,104.242,81.317,88.55,80.517,134.85,119.204,147.242
259,105.6,90.333,93.063,112.921,119.104,99.254,84.833,78.808,77.358,84.471,91.892,114.288,93.954,80.092,76.833,132.483,142.796,141.637
260,88.8,100.8,114.954,118.562,110.588,104.617,75.604,99.996,81.746,82.138,91.046,89.479,100.721,98.762,78.454,150.129,151.258,160.833
261,98.5,91.538,97.379,114.133,111.175,82.071,83.658,105.233,86.479,82.008,97.825,106.675,91.521,108.775,78.338,114.996,152.887,132.1
262,98.5,91.567,104.5,119.217,114.738,77.829,73.921,93.567,91.312,90.037,74.85,115.425,89.996,110.525,80.367,117.046,119.754,116.254
263,73.6,85.358,111.933,134.763,130.388,77.233,72.121,82.588,96.779,100.55,84.542,102.15,81.008,120.242,83.679,122.771,125.879,118.967
264,96.9,84.183,84.858,112.092,128.646,93.671,85.4,73.583,93.171,99.667,111.938,115.629,84.342,117.292,86.446,139.054,152.842,101.271
265,103.7,85.258,80.275,109.6,111.813,95.783,89.525,72.15,93.304,126.6,95.204,98.783,105.704,100.792,94.329,167.642,158.929,101.462
266,121.9,109.167,105.842,104.263,113.967,86.608,89.15,73.354,81.1,109.621,104.638,113.529,121.696,138.279,80.904,138.854,162.608,100.292
267,122.4,122.817,95.254,113.046,97.583,87.3,88.075,97.379,80.179,80.779,95.675,125.979,107.358,111.679,89.179,113.408,154.254,95.917
268,111,97.713,102.033,117.9,100.983,90.038,104.221,100.421,79.975,80.946,77.379,132.479,101.217,115.546,106.283,114.742,124.746,96.429
269,72.7,88.092,105.567,99.565,125.996,75.9,93.721,89.787,94.767,83.375,87.383,119.517,116.492,126.396,104.562,112.721,131.217,124.6
270,78.9,95.083,97.504,108.754,114.913,101.95,76.712,106.471,85.829,108.846,114.054,112.358,127.275,122.483,97.767,124.292,131.221,112.675
271,99.4,89.55,103.263,94.575,119.758,103.733,78.921,82.679,73.6,114.729,81.092,121.404,102.092,95.875,81.975,110.796,153.113,92.179
272,110.1,84.95,106.433,140.6,109.467,103.908,92.617,81.242,73.346,83.583,102.783,123.85,91.154,92.2,81.075,99.971,126.292,111.508
273,109.9,77.408,102.958,111.229,109.825,110.658,83.408,94.838,72.246,78.542,114.65,117.658,99.967,88.663,78.333,100.992,139.313,126.579
274,91.1,79.633,127.075,85.6,90.338,112.496,93.842,83.263,71.971,79.646,98.183,118.813,83.196,86.525,93.313,101.767,134.258,105.392
275,82.8,93.858,131.608,95.4,88.713,99.321,84.625,74.267,83.746,91.675,78.758,94.875,121.779,90.942,101.033,110.125,116.075,119.754
276,86.5,102.238,114.146,88.183,100.775,86.333,78.858,80.725,82.938,95.862,94.387,92.596,100.554,92.442,90.413,105.242,111.096,101.704
277,87,82.679,116.817,121.1,101.071,80.717,79.192,106.958,108.038,116.633,115.962,95.992,83.1,129.363,78.392,109.492,119.037,99.308
278,96.6,82.525,92.321,113.8,116.954,112.637,84.767,74.121,100.404,100.7,126.746,119.183,77.242,83.2,80.279,133.237,128.275,114.575
279,109.3,114.867,89.825,83.3,121.833,120.408,83.838,72.6,90.492,87.242,110.392,110.112,77.517,83.721,79.517,128.246,131.929,117.812
280,99.1,104.446,88.567,80.6,101.338,107.425,87.017,79.371,79.625,99.279,121.983,107.283,102.021,107.312,77.629,116.275,134.771,123.929
281,92.8,105.721,93.575,72.3,113.267,108.9,106.929,79.588,89.133,108.65,118.383,124.842,107.029,97.488,72.279,114.6,132.025,103.042
282,95.7,108.213,102.275,84,104.15,120.517,97.633,105.608,103.654,111.5,107.371,146.521,111.671,123.483,73.025,109.079,127.067,104.929
283,83.1,96.6,105.879,75.4,127.058,108.758,89.125,107.583,103.904,113.325,120.042,115.562,107.075,127.617,93.15,110.104,126.467,112.254
284,82.3,80.321,113.333,104.8,125.179,100.862,88.954,102.625,109.646,103.612,109.146,94.954,109.804,123.913,90.729,109.958,125.837,100.171
285,75.3,84.554,116.833,91.9,109.933,116.929,98.292,94.925,116.517,117.863,117.875,91.888,80.421,101.842,87.171,123.725,126.092,110.246
286,84,99.604,115.154,70.9,121.033,122.046,101.779,79.621,104.204,115.525,109.325,93.821,94.283,89.379,76.138,120.275,126.35,128.392
287,138.5,98.071,122.379,72.3,140.546,126.379,93.112,90.196,83.933,101.8,113.421,101.713,102.312,101.75,79.737,114.713,135.204,117.417
288,104.3,88.067,113.3,71.7,145.258,113.429,113.496,99.662,82.533,88.717,109.371,90.446,112.354,120.4,103.375,102.921,148.15,120.975
289,108.392,102.679,113.975,90.7,138.45,114.383,88.621,131.333,98.754,102.642,90.929,123.258,115.892,91.337,95.738,114.079,139.5,114.121
290,100.6,108.429,132.067,86,135.113,101.713,90.279,96.733,90.188,83.008,90.179,85.483,111.396,99.8,118.967,115.233,128.271,115.579
291,79.3,96.338,145.479,88.5,131.208,112.487,77.425,107.637,136.95,83.029,123.158,83.333,87.629,96.225,117.354,108.054,125.958,114.025
292,82.6,83.704,117.538,99.4,115.921,108.229,87.537,102.446,84.675,85.104,147.725,105.538,81.121,81.313,94.492,111.15,128.946,95.483
293,96.2,90.696,105.929,65.7,112.704,112.371,92.329,95.279,87.663,92.525,114.8,115.154,96.679,77.217,80.188,105.742,124.767,107.879
294,108.5,101.95,119.804,93.5,121.304,92.396,104.912,97.521,106.842,109.479,114.242,143.375,102.208,99.479,75.208,119.529,130.35,112.471
295,108.5,95.429,121.167,99.9,125.046,87.079,101.121,116.671,103.542,88.871,104.533,138.804,103.642,93.642,76.25,132.475,134.687,108.187
296,118.2,105.833,114.467,118.8,104.342,85.046,74.413,125.233,108.467,100.829,85.546,135.113,106.571,114.546,79.629,94.567,125.908,100.508
297,110.6,106.05,111.354,106.4,106.271,80.858,75.717,100.433,103.004,96.483,109.854,123.6,133.792,108.354,106.979,105.333,127.05,100.742
298,83.6,79.367,104.15,98.4,136.717,83.883,113.962,96.95,110.154,106.783,115.958,111.025,135.358,117.963,88.396,102.562,124.804,100.733
299,93.2,83.158,109.179,157.2,137.742,107.8,92.633,87.421,99.542,106.9,119.096,113.163,132.142,121.096,91.858,113.012,132.813,100.562
300,113.7,96.846,94.246,169.8,110.683,99.308,93.858,83.904,102.637,108.458,118.954,125.179,125.379,96.292,94.058,121,138.071,100.946
301,110.3,106.392,102.667,112,130.608,101.85,118.988,105.017,85.483,93.371,117.925,127.846,117.812,115.35,95.983,114.621,139.071,101.133
302,75.6,107.183,117.471,107.079,134.296,104.671,113.308,99.792,100.038,80.3,109.496,104.787,121.025,123.779,107.312,111.396,127.671,100.542
303,76.5,122.979,105.438,193.9,101.442,105.275,78.079,99.625,90.725,120.179,92.017,107.967,132.246,122.787,97.787,116.596,127.437,104.358
304,133.5,125.15,95.967,198.8,102.117,101.092,80.05,113.15,106.538,138.417,118.704,105.246,129.646,135.742,79.829,122.308,124.45,105.971
305,126.6,120.517,86.992,192,146.029,120.021,95.442,107,100.521,135.996,147.275,107.183,126.725,140.892,98.742,126.417,125.142,106.112
306,112.1,125.113,88.85,124.279,140.813,121.496,110.392,94.483,107.229,124.933,121.221,126.1,120.325,138.346,98.883,129.742,127.658,105.371
307,119.6,122.204,100.417,127.771,129.183,124.867,121.296,81.404,92.5,96.296,121.05,123.883,133.238,116.142,90.446,139.171,133.029,110.479
308,120.1,114.233,124.108,117.467,127.396,121.963,120.813,91.712,80.371,91.296,123.946,124.188,130.371,123.196,84.408,131.296,131.738,123.1
309,103.5,116.113,121.329,146.7,126.971,117.879,119.933,87.183,105.05,112.512,124.779,128.446,134.975,122.037,89.35,127.421,126.946,124.975
310,123.4,114.55,134.438,125.6,125.274,116.962,110.942,132.012,112.042,124.917,112.433,127.825,139.592,119.65,114.013,127.046,130.738,125.15
311,126.8,122.183,115.196,125,125.375,113.139,115.825,120.667,113.542,157.425,124.75,128.583,140.096,118.062,116.546,126.013,130.175,125.321
312,123,128.463,114.879,128.4,133.35,115.521,129.025,125.546,85.129,212.654,135.596,117.171,128.263,119.05,128.075,126.004,138.675,125.5
313,120.2,128.158,120.396,125.8,125.788,119.408,137.967,124.737,88.183,180.846,131.721,115.354,122.879,120.792,126.788,128.454,140.033,125.325
314,119.3,135.625,122.521,124,126.508,117.908,122.15,121.217,122.967,180.579,116.146,119.208,121.983,121.067,100.925,128.817,140.667,125.908
315,121,141.863,128.133,137,122.479,120.35,121.021,120.521,121.446,161.775,117.254,121.642,119.846,125.967,87.421,131.462,139.383,126.021
316,115.9,146.846,122.658,156.1,124.996,123.325,121.333,117.163,119.688,150.912,118.32,119.208,123.092,129.342,102.871,142.429,140.017,126.025
317,107.8,145.292,120.371,178,122.054,126.483,119.333,125.55,119.925,175.204,111.779,119.962,126.742,131.254,97.296,138.483,139.679,127.238
318,102.9,141.642,119.963,135.946,127.858,125.362,119.521,118.954,130.629,144.404,109.967,117.083,126.388,124.471,107.842,135.604,145.067,126.583
319,104,142.967,117.071,145.625,135.763,124.05,121.717,164.996,125.671,146.087,114.571,121.829,125.842,126.842,98.004,131.787,147.125,126.25
320,113.1,147.921,112.6,186.2,146.504,120.892,120.438,125.229,122.217,139.192,125.783,117.738,122.308,123.625,96.575,131.396,150.083,125.721
321,176.2,147.275,114.763,181.2,145.342,119.658,110.925,121.95,118.904,146.296,136.142,121.387,118.75,120.917,112.763,130.875,147.008,125.162
322,233.1,143.121,115.5,192.3,137.863,115.6,115.008,123.617,124.758,135.05,120.587,132.975,120.892,127.275,113.296,133.85,174.146,125.087
323,228.8,141.396,112.938,200.4,138.913,123.221,130.571,120.258,118.642,126.496,134.35,134.529,117.3,120.038,104.4,134.387,177.575,125.558
324,175.2,140.058,121.029,217.7,139.8,125.588,114.429,140.05,119.438,121.396,124.738,120.208,118.946,124.704,117.158,134.533,159.842,126.608
325,135.7,131.925,134.346,208.2,141.696,124.362,117.704,140.471,122.8,128.771,123.325,127.188,131.562,123.625,117.142,132.442,156.554,126.45
326,144,119.325,140.613,233.1,145.746,136.767,109.413,124.329,124.25,113.633,126.771,133.975,148.046,127.129,114.908,129.737,169.883,125.246
327,193.2,111.079,137.3,138.579,142.263,138.054,118.829,122.217,126.975,109.183,128.3,129.929,144.3,122.525,111.188,132.138,164.483,130.488
328,163.9,120.104,130.208,219.4,139.858,140.417,123.533,126.954,119.75,127.754,128.662,131.054,117.85,126.263,126.646,131.296,180.8,133.042
329,111.8,131.879,129.379,139.121,123.971,139.779,126.271,127.929,121.154,135.487,121.383,128.237,118.667,129,119.913,130.588,179.596,138.533
330,117.4,140.596,129.058,187,125.608,131.913,124.379,124.217,129.346,136.175,133.75,114.492,114.513,142.95,124.604,132.075,216.867,136.021
331,127.5,131.392,129.504,206.7,121.4,118.517,121.225,127.771,116.579,131.15,118.85,133.354,122.292,143.617,146.225,130.908,223.742,126.125
332,133.1,126.763,126.929,179.7,134.258,134.742,121.912,125.567,128.737,147.546,124.329,116.008,121.988,134.054,143.333,132.904,162.762,126.104
333,167.7,145.108,123.971,146,135.442,138.612,120.571,122.35,127.858,153.042,119.42,121.042,115.846,132.262,138.608,130.808,174.388,125.775
334,169.8,168.058,126.992,143.5,137.058,149.375,119.162,122.637,131.612,161.104,133.513,129.971,121.517,130.125,137.758,130.738,187.008,124.996
335,131.2,164.392,116.754,168.1,143.729,134.679,121.642,124.463,131.388,130.15,116.587,141.167,124.213,121.358,115.446,130.908,193.742,125.837
336,132.5,168.613,126.938,216.4,128.083,132.646,125.571,125.321,130.383,140.625,135.429,138.15,124.342,126.354,117.867,130.25,202.037,129.996
337,121.1,174.583,144.183,215.5,131.558,141.054,126.313,124.5,122.25,150.546,107.496,145.75,120.133,125.3,109.062,132.829,180.662,153.183
338,121.2,165.783,147.925,202.1,136.75,143.921,119.646,130.096,144.863,148.487,117.921,139.262,128.504,124.55,114.833,133.875,190.562,161.496
339,120.1,167.058,144.871,188.2,143.8,135.854,134.542,136.129,168.975,142.25,123.746,147.346,122.725,124.304,124.725,138.138,208.563,147.821
340,139.8,157.104,147.467,198.4,147.079,138.454,140.242,135.725,131.608,153.379,144.133,149.646,126.296,123.804,116.396,139.438,198.1,126.858
341,208.4,162.425,150.238,214.2,143.521,134.796,149.058,131.508,110.925,152.95,122.096,149.496,125.15,124.537,112.062,139.554,196.837,149.625
342,187.6,160.938,153.496,195.2,146.563,132.896,144.675,123.867,131.492,151.562,134.912,153.929,135.963,126.367,111.538,153.521,200.154,145.912
343,257,159.317,148.904,209.4,145.792,135.275,145.217,123.758,132.487,136.683,122.288,158.275,151.771,125.767,104.733,162.625,210.454,169.421
344,182.6,160.933,148.875,226.4,145.492,136.812,148.879,124.575,143.825,137.162,127.404,152.525,143.267,121.558,116.238,147.629,201.238,168.742
345,211.2,160.554,152.342,215,140.942,137.404,134.988,123.167,182.208,146.775,124.612,143.883,148.171,122.596,124.7,142.021,199.767,151.096
346,197.5,160.746,135.983,235.6,145.379,137.196,142.354,123.083,128.425,140,116.258,146.429,149.408,120.667,132.579,151.958,202.35,159.421
347,147.7,162.771,125.104,206.9,147.475,131.992,139.238,116.696,135.887,145.346,115.333,136.254,150.925,119.013,122.196,159.454,192.737,155.496
348,170.7,170.021,125.433,195.1,151.367,163.187,120.6,113.808,136.875,183.175,123.192,137.754,141.062,116.2,121.358,168.946,187.05,161.8
349,211.4,166.046,124.729,208.6,144.904,204.008,140.487,140.4,135.446,232.625,140.313,135.838,149.238,114.433,131.071,175.913,198.596,160.571
350,148,162.871,125.217,217.2,132.688,170.821,136.625,151.783,137.108,175.033,145.829,137.971,156.375,117.933,113.758,148.433,209.783,162.004
351,178.7,163.808,125.788,203.1,132.196,131.404,130.262,148.563,123.675,112.025,142.821,156.379,156.908,121.05,122.475,137.221,229.217,169.317
352,167.9,175.613,129.904,210.5,129.183,152.85,113.425,137.987,122.725,163.917,146.462,192.554,172.254,126.896,167.179,140.371,207.708,168.325
353,171.5,174.746,135.425,241,131.091,150.612,115.967,124.796,113.396,171.896,135.583,175.133,159.792,138.45,152.583,144.929,236.8,190.729
354,168.1,199.842,126.913,180.7,130.025,141.408,117.529,138.258,119.787,169.796,125.054,147.575,148.996,124.983,128.592,151.125,213.696,177.8
355,203.5,211.946,126.538,156.6,129.95,132.887,111.279,162.55,128.829,153.542,118.592,156.721,132.604,111.233,172.408,152.442,224.312,199.188
356,208,199.192,125.821,197.7,133.796,140.067,112.5,145.5,143.388,153.842,108.312,188.029,122.483,113.413,129.537,154.588,239.713,199.417
357,116.4,170.854,126.517,193.9,131.017,136.039,133.392,125.883,143.458,139.063,105.946,175.763,142.088,117.729,131.125,140.704,225.325,211.367
358,141.1,140.829,126.4,134.8,134.135,136.2,142.529,146.4,139.383,133.675,104.6,225.842,133.233,119.575,117.113,138.7,217.467,194.262
359,101.4,167.288,128.592,176.2,130.729,127.875,130.775,144.192,136.071,126.279,109.412,147.808,120.642,120.596,120.829,139.183,216.071,146.796
360,129.1,170.621,129.204,168.2,141.25,121.954,131.408,122.271,120.679,144.621,136.9,148.45,118.517,115.287,123.892,139.95,181.717,128.475
361,117.6,176.992,127.571,167.1,142.825,135.4,135.213,127.658,169.912,134.8,124.183,141.75,115.35,112.983,124.071,140.217,222.317,135.854
362,131.429,169.358,125.567,176.5,143.55,147.654,139.596,130.825,171.612,166.762,177.058,150.55,132.117,110.725,118.088,139.804,222.492,212.737
363,137.242,174.588,125.379,178.2,134.175,173.229,140.988,120.312,156.183,154.1,190.663,148.417,144.604,109.192,116.1,138.788,213.346,245.292
364,136.017,195.588,123.175,176.15,165.521,176.796,124.467,122.758,115.754,148.175,179.846,135.133,144.975,108.646,117.288,139.442,191.6,212.442
365,124.9,198.888,120.738,205.904,147.5,193.35,176.8,141.754,116,129.8,128.9,153.846,170.583,105.658,113.725,139.521,149.5,155.2
366, NA, NA, NA,166.2, NA, NA, NA,146.9, NA, NA, NA,148.512, NA, NA, NA,139.308, NA,
