,year,File_date,yrs,date,PIT_code,length,Genetics_Code,clip,Det_site,Stock,Stock_Probability,surv,first.observation.date,TT.Bon
1,2010,,,106,,,,1,,,,1,,23
2,2010,,,106,,,,1,,,,0,,NA
3,2010,,,106,,,,1,,,,0,,NA
4,2010,,,106,,,,1,,,,1,,6
5,2010,,,112,,,,1,,,,1,,19
6,2010,,,106,,,,1,,,,1,,14
7,2010,,,106,,,,1,,,,1,,10
8,2010,,,112,,,,1,,,,1,,19
9,2010,,,106,,,,1,,,,1,,15
10,2010,,,106,,,,1,,,,1,,19
11,2010,,,106,,,,1,,,,1,,19
12,2010,,,112,,,,1,,,,1,,7
13,2010,,,115,,,,0,,,,1,,7
14,2010,,,104,,,,1,,,,0,,NA
15,2010,,,112,,,,1,,,,1,,15
16,2010,,,112,,,,1,,,,1,,11
17,2010,,,106,,,,1,,,,1,,21
18,2010,,,106,,,,1,,,,1,,22
19,2010,,,112,,,,1,,,,0,,NA
20,2010,,,106,,,,1,,,,0,,NA
21,2010,,,120,,,,1,,,,1,,14
22,2010,,,120,,,,1,,,,0,,NA
23,2010,,,120,,,,0,,,,1,,6
24,2010,,,120,,,,1,,,,1,,12
25,2010,,,120,,,,1,,,,1,,14
26,2010,,,110,,,,0,,,,1,,20
27,2010,,,120,,,,1,,,,1,,11
28,2010,,,120,,,,1,,,,1,,15
29,2010,,,106,,,,1,,,,1,,15
30,2010,,,106,,,,1,,,,1,,15
31,2010,,,106,,,,1,,,,1,,18
32,2010,,,106,,,,1,,,,1,,11
33,2010,,,106,,,,1,,,,1,,27
34,2010,,,106,,,,1,,,,1,,19
35,2010,,,106,,,,1,,,,1,,13
36,2010,,,104,,,,1,,,,1,,15
37,2010,,,115,,,,1,,,,1,,8
38,2010,,,115,,,,1,,,,0,,NA
39,2010,,,120,,,,1,,,,1,,9
40,2010,,,106,,,,1,,,,1,,14
41,2010,,,112,,,,1,,,,1,,17
42,2010,,,112,,,,1,,,,0,,NA
43,2010,,,104,,,,1,,,,1,,11
44,2010,,,104,,,,1,,,,1,,16
45,2010,,,104,,,,1,,,,1,,17
46,2010,,,104,,,,1,,,,0,,NA
47,2010,,,104,,,,1,,,,1,,7
48,2010,,,104,,,,1,,,,1,,6
49,2010,,,104,,,,1,,,,0,,NA
50,2010,,,104,,,,1,,,,1,,13
51,2010,,,111,,,,1,,,,1,,15
52,2010,,,104,,,,1,,,,1,,21
53,2010,,,112,,,,1,,,,1,,17
54,2010,,,120,,,,0,,,,0,,NA
55,2010,,,120,,,,0,,,,1,,15
56,2010,,,120,,,,0,,,,1,,5
57,2010,,,120,,,,0,,,,1,,17
58,2010,,,120,,,,0,,,,1,,15
59,2010,,,104,,,,1,,,,1,,7
60,2010,,,104,,,,1,,,,0,,NA
61,2010,,,104,,,,1,,,,1,,20
62,2010,,,104,,,,1,,,,1,,16
63,2010,,,104,,,,1,,,,1,,2
64,2010,,,104,,,,1,,,,1,,18
65,2010,,,104,,,,1,,,,1,,21
66,2010,,,104,,,,1,,,,1,,21
67,2010,,,120,,,,1,,,,0,,NA
68,2010,,,120,,,,1,,,,1,,11
69,2010,,,120,,,,1,,,,1,,15
70,2010,,,120,,,,1,,,,1,,8
71,2010,,,120,,,,1,,,,1,,9
72,2010,,,120,,,,1,,,,1,,11
73,2010,,,120,,,,1,,,,0,,NA
74,2010,,,120,,,,1,,,,1,,8
75,2010,,,120,,,,1,,,,0,,NA
76,2010,,,120,,,,1,,,,1,,14
77,2010,,,106,,,,1,,,,1,,26
78,2010,,,106,,,,1,,,,1,,10
79,2010,,,106,,,,1,,,,1,,12
80,2010,,,106,,,,1,,,,1,,17
81,2010,,,106,,,,1,,,,1,,13
82,2010,,,106,,,,1,,,,1,,25
83,2010,,,113,,,,1,,,,1,,20
84,2010,,,113,,,,1,,,,1,,18
85,2010,,,113,,,,1,,,,0,,NA
86,2010,,,113,,,,1,,,,1,,13
87,2010,,,113,,,,1,,,,1,,13
88,2010,,,106,,,,1,,,,0,,NA
89,2010,,,106,,,,1,,,,1,,21
90,2010,,,106,,,,1,,,,1,,20
91,2010,,,106,,,,1,,,,1,,22
92,2010,,,106,,,,1,,,,1,,8
93,2010,,,104,,,,1,,,,0,,NA
94,2010,,,104,,,,1,,,,1,,22
95,2010,,,104,,,,1,,,,0,,NA
96,2010,,,104,,,,1,,,,0,,NA
97,2010,,,104,,,,1,,,,0,,NA
98,2010,,,104,,,,1,,,,0,,NA
99,2010,,,114,,,,1,,,,1,,18
100,2010,,,114,,,,1,,,,0,,NA
101,2010,,,114,,,,1,,,,1,,14
102,2010,,,114,,,,1,,,,0,,NA
103,2010,,,114,,,,1,,,,1,,20
104,2010,,,114,,,,1,,,,1,,16
105,2010,,,114,,,,1,,,,0,,NA
106,2010,,,114,,,,1,,,,1,,21
107,2010,,,104,,,,1,,,,1,,21
108,2010,,,104,,,,1,,,,1,,14
109,2010,,,104,,,,1,,,,0,,NA
110,2010,,,104,,,,1,,,,1,,17
111,2010,,,104,,,,1,,,,1,,26
112,2010,,,104,,,,1,,,,0,,NA
113,2010,,,113,,,,0,,,,1,,17
114,2010,,,113,,,,0,,,,1,,8
115,2010,,,113,,,,0,,,,0,,NA
116,2010,,,113,,,,1,,,,0,,NA
117,2010,,,113,,,,1,,,,0,,NA
118,2010,,,113,,,,1,,,,1,,14
119,2010,,,113,,,,1,,,,0,,NA
120,2010,,,113,,,,1,,,,1,,10
121,2010,,,113,,,,1,,,,1,,5
122,2010,,,113,,,,1,,,,1,,16
123,2010,,,110,,,,1,,,,1,,11
124,2010,,,110,,,,1,,,,1,,19
125,2010,,,110,,,,1,,,,1,,26
126,2010,,,110,,,,1,,,,0,,NA
127,2010,,,110,,,,1,,,,1,,14
128,2010,,,110,,,,1,,,,0,,NA
129,2010,,,131,,,,0,,,,1,,6
130,2010,,,131,,,,0,,,,1,,15
131,2010,,,131,,,,0,,,,1,,12
132,2010,,,131,,,,1,,,,1,,14
133,2010,,,106,,,,1,,,,1,,5
134,2010,,,106,,,,1,,,,0,,NA
135,2010,,,106,,,,1,,,,1,,17
136,2010,,,106,,,,1,,,,1,,22
137,2010,,,106,,,,1,,,,1,,9
138,2010,,,114,,,,0,,,,1,,6
139,2010,,,118,,,,0,,,,1,,14
140,2010,,,118,,,,0,,,,1,,14
141,2010,,,118,,,,1,,,,1,,19
142,2010,,,118,,,,1,,,,1,,12
143,2010,,,118,,,,1,,,,1,,15
144,2010,,,118,,,,1,,,,1,,16
145,2010,,,118,,,,1,,,,1,,13
146,2010,,,118,,,,1,,,,0,,NA
147,2010,,,114,,,,1,,,,1,,3
148,2010,,,114,,,,1,,,,0,,NA
149,2010,,,114,,,,1,,,,1,,16
150,2010,,,114,,,,1,,,,1,,17
151,2010,,,110,,,,1,,,,1,,10
152,2010,,,110,,,,1,,,,0,,NA
153,2010,,,110,,,,1,,,,1,,16
154,2010,,,110,,,,1,,,,1,,18
155,2010,,,110,,,,1,,,,1,,11
156,2010,,,110,,,,1,,,,1,,10
157,2010,,,110,,,,1,,,,0,,NA
158,2010,,,110,,,,1,,,,1,,10
159,2010,,,110,,,,1,,,,1,,5
160,2010,,,110,,,,1,,,,1,,7
161,2010,,,110,,,,1,,,,1,,24
162,2010,,,110,,,,1,,,,0,,NA
163,2010,,,130,,,,1,,,,0,,NA
164,2010,,,130,,,,1,,,,1,,11
165,2010,,,130,,,,1,,,,1,,19
166,2010,,,111,,,,1,,,,1,,5
167,2010,,,111,,,,1,,,,1,,13
168,2010,,,111,,,,1,,,,1,,18
169,2010,,,111,,,,1,,,,1,,20
170,2010,,,111,,,,1,,,,1,,16
171,2010,,,111,,,,1,,,,1,,7
172,2011,,,124,,,,1,,,,1,,15
173,2011,,,112,,,,1,,,,0,,NA
174,2011,,,112,,,,0,,,,1,,7
175,2011,,,112,,,,0,,,,1,,36
176,2011,,,112,,,,1,,,,0,,NA
177,2011,,,118,,,,0,,,,1,,28
178,2011,,,126,,,,0,,,,1,,10
179,2011,,,124,,,,1,,,,1,,24
180,2011,,,125,,,,0,,,,1,,26
181,2011,,,112,,,,0,,,,1,,9
182,2011,,,124,,,,1,,,,1,,16
183,2011,,,112,,,,1,,,,1,,12
184,2011,,,125,,,,0,,,,1,,38
185,2011,,,124,,,,1,,,,0,,NA
186,2011,,,118,,,,1,,,,1,,21
187,2011,,,118,,,,0,,,,1,,12
188,2011,,,112,,,,0,,,,1,,17
189,2011,,,112,,,,0,,,,1,,18
190,2011,,,112,,,,0,,,,1,,16
191,2011,,,119,,,,1,,,,0,,NA
192,2011,,,119,,,,1,,,,1,,10
193,2011,,,104,,,,1,,,,1,,37
194,2011,,,104,,,,1,,,,1,,21
195,2011,,,112,,,,0,,,,1,,19
196,2011,,,104,,,,1,,,,1,,21
197,2011,,,104,,,,1,,,,1,,15
198,2011,,,118,,,,1,,,,1,,32
199,2011,,,112,,,,1,,,,1,,16
200,2011,,,112,,,,1,,,,1,,19
201,2011,,,112,,,,1,,,,0,,NA
202,2011,,,112,,,,1,,,,1,,18
203,2011,,,104,,,,1,,,,0,,NA
204,2011,,,104,,,,1,,,,1,,11
205,2011,,,112,,,,0,,,,1,,39
206,2011,,,112,,,,1,,,,0,,NA
207,2011,,,118,,,,0,,,,1,,9
208,2011,,,118,,,,0,,,,1,,37
209,2011,,,118,,,,1,,,,0,,NA
210,2011,,,118,,,,1,,,,1,,22
211,2011,,,112,,,,1,,,,0,,NA
212,2011,,,124,,,,0,,,,1,,23
213,2011,,,124,,,,0,,,,1,,25
214,2011,,,124,,,,0,,,,1,,27
215,2011,,,124,,,,0,,,,0,,NA
216,2011,,,112,,,,1,,,,1,,10
217,2011,,,112,,,,1,,,,1,,27
218,2011,,,104,,,,1,,,,1,,16
219,2011,,,125,,,,1,,,,0,,NA
220,2011,,,124,,,,1,,,,1,,21
221,2011,,,124,,,,1,,,,0,,NA
222,2011,,,104,,,,1,,,,1,,16
223,2011,,,104,,,,1,,,,0,,NA
224,2011,,,124,,,,0,,,,1,,10
225,2011,,,119,,,,1,,,,0,,NA
226,2011,,,119,,,,1,,,,0,,NA
227,2011,,,119,,,,1,,,,1,,9
228,2011,,,110,,,,1,,,,1,,20
229,2011,,,124,,,,0,,,,1,,4
230,2011,,,125,,,,1,,,,0,,NA
231,2011,,,118,,,,0,,,,0,,NA
232,2011,,,118,,,,0,,,,1,,23
233,2011,,,103,,,,1,,,,0,,NA
234,2011,,,124,,,,0,,,,1,,18
235,2011,,,124,,,,0,,,,1,,15
236,2011,,,124,,,,0,,,,0,,NA
237,2011,,,119,,,,1,,,,1,,24
238,2011,,,104,,,,0,,,,1,,35
239,2011,,,104,,,,0,,,,1,,20
240,2011,,,104,,,,0,,,,1,,24
241,2011,,,104,,,,0,,,,1,,30
242,2011,,,104,,,,0,,,,1,,13
243,2011,,,104,,,,0,,,,0,,NA
244,2011,,,125,,,,1,,,,1,,26
245,2011,,,125,,,,1,,,,1,,14
246,2011,,,91,,,,1,,,,1,,30
247,2011,,,119,,,,1,,,,0,,NA
248,2011,,,119,,,,1,,,,1,,9
249,2011,,,119,,,,1,,,,1,,13
250,2011,,,112,,,,1,,,,0,,NA
251,2011,,,104,,,,1,,,,1,,18
252,2011,,,104,,,,1,,,,1,,41
253,2011,,,104,,,,1,,,,0,,NA
254,2011,,,104,,,,1,,,,1,,31
255,2011,,,104,,,,1,,,,1,,12
256,2011,,,104,,,,1,,,,1,,16
257,2011,,,104,,,,1,,,,0,,NA
258,2011,,,104,,,,1,,,,1,,24
259,2011,,,104,,,,1,,,,1,,12
260,2011,,,104,,,,1,,,,1,,30
261,2011,,,104,,,,1,,,,0,,NA
262,2011,,,104,,,,1,,,,0,,NA
263,2011,,,104,,,,1,,,,1,,13
264,2011,,,94,,,,1,,,,1,,17
265,2011,,,94,,,,1,,,,1,,20
266,2011,,,104,,,,1,,,,1,,11
267,2011,,,104,,,,1,,,,1,,17
268,2011,,,104,,,,1,,,,1,,20
269,2011,,,110,,,,1,,,,1,,39
270,2011,,,94,,,,0,,,,0,,NA
271,2011,,,94,,,,0,,,,1,,14
272,2011,,,94,,,,0,,,,1,,21
273,2011,,,94,,,,0,,,,1,,25
274,2011,,,94,,,,0,,,,1,,27
275,2011,,,94,,,,1,,,,1,,23
276,2011,,,94,,,,1,,,,1,,21
277,2011,,,104,,,,0,,,,1,,26
278,2011,,,103,,,,1,,,,1,,14
279,2011,,,103,,,,1,,,,1,,15
280,2011,,,103,,,,1,,,,1,,30
281,2011,,,103,,,,1,,,,0,,NA
282,2011,,,103,,,,1,,,,0,,NA
283,2011,,,103,,,,1,,,,0,,NA
284,2011,,,103,,,,1,,,,0,,NA
285,2011,,,103,,,,1,,,,1,,19
286,2011,,,103,,,,1,,,,0,,NA
287,2011,,,103,,,,1,,,,1,,16
288,2011,,,103,,,,1,,,,1,,17
289,2011,,,103,,,,1,,,,1,,21
290,2011,,,103,,,,1,,,,1,,20
291,2011,,,103,,,,1,,,,1,,10
292,2011,,,103,,,,1,,,,1,,18
293,2011,,,103,,,,1,,,,1,,32
294,2011,,,108,,,,0,,,,0,,NA
295,2011,,,108,,,,0,,,,0,,NA
296,2011,,,108,,,,0,,,,1,,18
297,2011,,,108,,,,0,,,,1,,32
298,2011,,,124,,,,1,,,,1,,20
299,2011,,,133,,,,0,,,,1,,13
300,2011,,,133,,,,0,,,,1,,12
301,2011,,,133,,,,1,,,,1,,12
302,2011,,,133,,,,1,,,,1,,18
303,2011,,,133,,,,1,,,,1,,17
304,2011,,,133,,,,1,,,,1,,33
305,2011,,,124,,,,1,,,,1,,21
306,2011,,,124,,,,1,,,,1,,29
307,2011,,,124,,,,1,,,,0,,NA
308,2011,,,124,,,,1,,,,1,,15
309,2011,,,104,,,,1,,,,0,,NA
310,2011,,,104,,,,1,,,,1,,21
311,2011,,,104,,,,1,,,,1,,15
312,2011,,,112,,,,1,,,,1,,29
313,2011,,,112,,,,1,,,,0,,NA
314,2011,,,112,,,,1,,,,0,,NA
315,2011,,,112,,,,1,,,,1,,18
316,2011,,,112,,,,1,,,,1,,16
317,2011,,,103,,,,1,,,,0,,NA
318,2011,,,91,,,,0,,,,1,,21
319,2011,,,91,,,,0,,,,0,,NA
320,2011,,,91,,,,1,,,,1,,33
321,2011,,,91,,,,1,,,,1,,16
322,2011,,,91,,,,1,,,,1,,24
323,2011,,,91,,,,1,,,,0,,NA
324,2011,,,91,,,,1,,,,1,,14
325,2011,,,91,,,,1,,,,0,,NA
326,2011,,,91,,,,1,,,,0,,NA
327,2011,,,91,,,,1,,,,1,,34
328,2011,,,91,,,,1,,,,0,,NA
329,2011,,,91,,,,1,,,,0,,NA
330,2011,,,91,,,,1,,,,0,,NA
331,2011,,,91,,,,1,,,,0,,NA
332,2011,,,91,,,,1,,,,1,,35
333,2011,,,91,,,,1,,,,1,,26
334,2011,,,91,,,,1,,,,0,,NA
335,2011,,,91,,,,1,,,,0,,NA
336,2011,,,91,,,,1,,,,1,,23
337,2011,,,91,,,,1,,,,1,,17
338,2011,,,91,,,,1,,,,1,,22
339,2011,,,91,,,,1,,,,1,,35
340,2011,,,91,,,,1,,,,0,,NA
341,2011,,,110,,,,1,,,,1,,20
342,2011,,,110,,,,1,,,,1,,15
343,2011,,,110,,,,1,,,,1,,10
344,2011,,,110,,,,1,,,,0,,NA
345,2011,,,110,,,,1,,,,0,,NA
346,2011,,,110,,,,1,,,,1,,25
347,2011,,,110,,,,1,,,,0,,NA
348,2011,,,110,,,,1,,,,1,,21
349,2011,,,117,,,,1,,,,1,,16
350,2011,,,117,,,,1,,,,1,,14
351,2011,,,119,,,,1,,,,0,,NA
352,2011,,,104,,,,1,,,,1,,15
353,2011,,,104,,,,1,,,,1,,21
354,2011,,,104,,,,1,,,,1,,27
355,2011,,,104,,,,1,,,,1,,27
356,2011,,,103,,,,1,,,,1,,20
357,2011,,,91,,,,0,,,,0,,NA
358,2011,,,112,,,,0,,,,0,,NA
359,2011,,,112,,,,0,,,,1,,38
360,2011,,,112,,,,0,,,,1,,8
361,2011,,,112,,,,0,,,,1,,34
362,2011,,,110,,,,1,,,,1,,12
363,2011,,,110,,,,1,,,,0,,NA
364,2011,,,122,,,,0,,,,1,,16
365,2011,,,122,,,,1,,,,1,,21
366,2011,,,122,,,,1,,,,0,,NA
367,2011,,,122,,,,1,,,,0,,NA
368,2011,,,122,,,,1,,,,0,,NA
369,2011,,,122,,,,1,,,,1,,27
370,2011,,,122,,,,1,,,,1,,6
371,2011,,,112,,,,1,,,,1,,21
372,2011,,,112,,,,1,,,,1,,9
373,2011,,,112,,,,1,,,,1,,19
374,2011,,,112,,,,1,,,,0,,NA
375,2011,,,112,,,,1,,,,0,,NA
376,2011,,,112,,,,1,,,,1,,8
377,2011,,,112,,,,1,,,,0,,NA
378,2011,,,118,,,,1,,,,0,,NA
379,2011,,,118,,,,1,,,,1,,10
380,2011,,,118,,,,1,,,,1,,33
381,2011,,,112,,,,1,,,,1,,11
382,2011,,,112,,,,1,,,,0,,NA
383,2011,,,112,,,,1,,,,1,,6
384,2011,,,112,,,,1,,,,1,,15
385,2011,,,112,,,,1,,,,1,,38
386,2011,,,112,,,,1,,,,1,,16
387,2011,,,112,,,,1,,,,1,,16
388,2011,,,112,,,,1,,,,1,,13
389,2011,,,112,,,,1,,,,1,,30
390,2011,,,112,,,,1,,,,1,,32
391,2011,,,112,,,,1,,,,1,,27
392,2011,,,119,,,,1,,,,1,,10
393,2011,,,119,,,,1,,,,1,,8
394,2011,,,119,,,,1,,,,1,,15
395,2011,,,104,,,,0,,,,0,,NA
396,2011,,,104,,,,0,,,,0,,NA
397,2011,,,104,,,,0,,,,1,,17
398,2011,,,91,,,,0,,,,1,,27
399,2011,,,120,,,,1,,,,1,,25
400,2011,,,120,,,,1,,,,0,,NA
401,2011,,,120,,,,1,,,,1,,8
402,2011,,,120,,,,1,,,,1,,10
403,2011,,,120,,,,1,,,,1,,11
404,2011,,,120,,,,1,,,,1,,30
405,2011,,,120,,,,1,,,,0,,NA
406,2011,,,110,,,,0,,,,1,,18
407,2011,,,119,,,,0,,,,1,,4
408,2011,,,119,,,,0,,,,1,,19
409,2011,,,119,,,,0,,,,1,,13
410,2011,,,95,,,,1,,,,1,,23
411,2011,,,95,,,,1,,,,0,,NA
412,2011,,,95,,,,1,,,,1,,6
413,2011,,,95,,,,1,,,,1,,35
414,2011,,,95,,,,1,,,,0,,NA
415,2011,,,95,,,,1,,,,0,,NA
416,2011,,,95,,,,1,,,,0,,NA
417,2011,,,95,,,,1,,,,1,,36
418,2011,,,119,,,,1,,,,1,,7
419,2011,,,119,,,,1,,,,1,,14
420,2011,,,119,,,,1,,,,0,,NA
421,2011,,,118,,,,1,,,,1,,18
422,2011,,,118,,,,1,,,,0,,NA
423,2011,,,118,,,,1,,,,0,,NA
424,2011,,,125,,,,1,,,,1,,8
425,2011,,,125,,,,1,,,,1,,23
426,2011,,,125,,,,1,,,,0,,NA
427,2011,,,125,,,,1,,,,0,,NA
428,2011,,,125,,,,1,,,,1,,36
429,2011,,,125,,,,1,,,,0,,NA
430,2011,,,124,,,,1,,,,0,,NA
431,2011,,,124,,,,1,,,,0,,NA
432,2011,,,112,,,,1,,,,1,,19
433,2011,,,112,,,,1,,,,1,,3
434,2011,,,112,,,,1,,,,1,,14
435,2011,,,103,,,,1,,,,0,,NA
436,2011,,,103,,,,1,,,,1,,24
437,2011,,,110,,,,1,,,,1,,18
438,2011,,,110,,,,1,,,,1,,12
439,2011,,,110,,,,1,,,,0,,NA
440,2011,,,110,,,,1,,,,1,,6
441,2011,,,110,,,,1,,,,1,,24
442,2011,,,110,,,,1,,,,0,,NA
443,2011,,,108,,,,1,,,,0,,NA
444,2011,,,108,,,,1,,,,0,,NA
445,2011,,,108,,,,1,,,,0,,NA
446,2011,,,108,,,,1,,,,1,,20
447,2011,,,108,,,,1,,,,1,,16
448,2011,,,110,,,,0,,,,1,,37
449,2011,,,110,,,,0,,,,0,,NA
450,2011,,,119,,,,0,,,,0,,NA
451,2011,,,119,,,,0,,,,1,,39
452,2011,,,119,,,,0,,,,0,,NA
453,2011,,,119,,,,0,,,,1,,18
454,2011,,,119,,,,0,,,,0,,NA
455,2011,,,119,,,,0,,,,1,,21
456,2011,,,119,,,,0,,,,1,,12
457,2011,,,119,,,,0,,,,1,,12
458,2011,,,110,,,,1,,,,0,,NA
459,2011,,,95,,,,1,,,,0,,NA
460,2011,,,95,,,,1,,,,1,,33
461,2011,,,119,,,,1,,,,1,,23
462,2011,,,119,,,,1,,,,1,,28
463,2011,,,119,,,,1,,,,0,,NA
464,2011,,,117,,,,1,,,,1,,9
465,2011,,,117,,,,1,,,,1,,15
466,2011,,,117,,,,1,,,,1,,25
467,2011,,,117,,,,1,,,,1,,19
468,2011,,,117,,,,1,,,,1,,10
469,2011,,,117,,,,1,,,,1,,42
470,2011,,,117,,,,1,,,,1,,13
471,2011,,,136,,,,1,,,,1,,10
472,2011,,,132,,,,1,,,,1,,14
473,2011,,,110,,,,1,,,,0,,NA
474,2011,,,110,,,,1,,,,1,,11
475,2011,,,110,,,,1,,,,1,,44
476,2011,,,110,,,,1,,,,1,,5
477,2011,,,120,,,,0,,,,0,,NA
478,2011,,,120,,,,1,,,,1,,20
479,2011,,,120,,,,1,,,,0,,NA
480,2011,,,108,,,,1,,,,1,,8
481,2011,,,108,,,,1,,,,1,,17
482,2011,,,108,,,,1,,,,1,,14
483,2011,,,110,,,,1,,,,1,,13
484,2011,,,110,,,,1,,,,0,,NA
485,2011,,,117,,,,0,,,,1,,6
486,2011,,,110,,,,1,,,,1,,21
487,2011,,,110,,,,1,,,,1,,17
488,2011,,,108,,,,0,,,,1,,28
489,2011,,,108,,,,1,,,,1,,22
490,2011,,,110,,,,0,,,,0,,NA
491,2011,,,110,,,,0,,,,0,,NA
492,2011,,,122,,,,1,,,,1,,10
493,2011,,,122,,,,1,,,,1,,10
494,2011,,,110,,,,0,,,,1,,18
495,2011,,,110,,,,1,,,,1,,18
496,2011,,,132,,,,0,,,,0,,NA
497,2011,,,132,,,,0,,,,1,,15
498,2011,,,132,,,,0,,,,1,,12
499,2011,,,108,,,,1,,,,1,,6
500,2011,,,103,,,,0,,,,1,,17
501,2011,,,103,,,,0,,,,1,,4
502,2011,,,108,,,,1,,,,1,,19
503,2011,,,108,,,,1,,,,1,,22
504,2011,,,108,,,,1,,,,0,,NA
505,2011,,,108,,,,1,,,,1,,19
506,2011,,,108,,,,1,,,,0,,NA
507,2011,,,108,,,,1,,,,1,,16
508,2011,,,108,,,,1,,,,0,,NA
509,2011,,,117,,,,0,,,,1,,25
510,2011,,,117,,,,0,,,,1,,8
511,2011,,,117,,,,0,,,,0,,NA
512,2011,,,108,,,,1,,,,1,,24
513,2011,,,117,,,,0,,,,1,,24
514,2011,,,117,,,,0,,,,1,,22
515,2011,,,103,,,,1,,,,1,,11
516,2011,,,120,,,,0,,,,1,,8
517,2011,,,108,,,,1,,,,1,,9
518,2011,,,108,,,,1,,,,1,,40
519,2011,,,108,,,,1,,,,1,,18
520,2011,,,108,,,,1,,,,1,,16
521,2011,,,117,,,,0,,,,0,,NA
522,2011,,,108,,,,1,,,,1,,12
523,2011,,,108,,,,1,,,,0,,NA
524,2011,,,108,,,,1,,,,1,,18
525,2011,,,110,,,,1,,,,0,,NA
526,2011,,,110,,,,1,,,,1,,16
527,2011,,,108,,,,1,,,,1,,16
528,2011,,,110,,,,1,,,,1,,22
529,2011,,,110,,,,0,,,,0,,NA
530,2011,,,120,,,,0,,,,0,,NA
531,2011,,,108,,,,1,,,,1,,18
532,2011,,,110,,,,0,,,,1,,12
533,2011,,,120,,,,0,,,,1,,23
534,2011,,,108,,,,1,,,,1,,12
535,2011,,,110,,,,1,,,,1,,33
536,2011,,,117,,,,1,,,,1,,8
537,2011,,,117,,,,1,,,,0,,NA
538,2011,,,108,,,,1,,,,1,,22
539,2011,,,117,,,,0,,,,1,,5
540,2011,,,108,,,,1,,,,1,,24
541,2011,,,117,,,,1,,,,1,,27
542,2011,,,117,,,,1,,,,1,,22
543,2012,,,83,,,,0,,,,0,,NA
544,2012,,,83,,,,0,,,,1,,40
545,2012,,,83,,,,1,,,,1,,20
546,2012,,,83,,,,1,,,,0,,NA
547,2012,,,135,,,,0,,,,1,,12
548,2012,,,83,,,,1,,,,1,,52
549,2012,,,135,,,,1,,,,1,,18
550,2012,,,135,,,,1,,,,1,,12
551,2012,,,135,,,,1,,,,0,,NA
552,2012,,,135,,,,0,,,,0,,NA
553,2012,,,135,,,,1,,,,1,,11
554,2012,,,83,,,,1,,,,1,,18
555,2012,,,83,,,,1,,,,1,,45
556,2012,,,135,,,,1,,,,0,,NA
557,2012,,,83,,,,1,,,,0,,NA
558,2012,,,103,,,,1,,,,1,,9
559,2012,,,135,,,,0,,,,0,,NA
560,2012,,,103,,,,1,,,,1,,24
561,2012,,,103,,,,1,,,,1,,28
562,2012,,,103,,,,1,,,,1,,30
563,2012,,,103,,,,1,,,,1,,30
564,2012,,,103,,,,1,,,,1,,15
565,2012,,,103,,,,1,,,,1,,23
566,2012,,,103,,,,1,,,,1,,23
567,2012,,,103,,,,0,,,,1,,35
568,2012,,,103,,,,0,,,,0,,NA
569,2012,,,83,,,,1,,,,1,,30
570,2012,,,103,,,,1,,,,1,,30
571,2012,,,135,,,,0,,,,1,,12
572,2012,,,103,,,,1,,,,1,,22
573,2012,,,96,,,,1,,,,0,,NA
574,2012,,,96,,,,1,,,,0,,NA
575,2012,,,96,,,,1,,,,1,,17
576,2012,,,96,,,,1,,,,1,,18
577,2012,,,96,,,,1,,,,0,,NA
578,2012,,,96,,,,1,,,,0,,NA
579,2012,,,96,,,,1,,,,0,,NA
580,2012,,,108,,,,1,,,,0,,NA
581,2012,,,108,,,,1,,,,1,,27
582,2012,,,103,,,,1,,,,1,,21
583,2012,,,135,,,,0,,,,1,,17
584,2012,,,96,,,,1,,,,1,,15
585,2012,,,135,,,,0,,,,1,,18
586,2012,,,96,,,,1,,,,0,,NA
587,2012,,,96,,,,1,,,,0,,NA
588,2012,,,96,,,,1,,,,0,,NA
589,2012,,,96,,,,1,,,,1,,34
590,2012,,,96,,,,1,,,,0,,NA
591,2012,,,96,,,,1,,,,1,,36
592,2012,,,96,,,,1,,,,1,,20
593,2012,,,96,,,,1,,,,1,,42
594,2012,,,96,,,,1,,,,0,,NA
595,2012,,,96,,,,1,,,,1,,37
596,2012,,,96,,,,1,,,,1,,17
597,2012,,,108,,,,1,,,,0,,NA
598,2012,,,96,,,,1,,,,0,,NA
599,2012,,,108,,,,1,,,,1,,27
600,2012,,,98,,,,0,,,,0,,NA
601,2012,,,98,,,,0,,,,1,,25
602,2012,,,98,,,,0,,,,1,,13
603,2012,,,98,,,,1,,,,1,,29
604,2012,,,98,,,,1,,,,1,,35
605,2012,,,130,,,,1,,,,1,,20
606,2012,,,96,,,,1,,,,1,,17
607,2012,,,96,,,,1,,,,1,,34
608,2012,,,96,,,,1,,,,0,,NA
609,2012,,,108,,,,1,,,,1,,25
610,2012,,,96,,,,1,,,,1,,11
611,2012,,,96,,,,1,,,,1,,34
612,2012,,,96,,,,1,,,,0,,NA
613,2012,,,100,,,,1,,,,1,,33
614,2012,,,100,,,,1,,,,0,,NA
615,2012,,,100,,,,1,,,,1,,34
616,2012,,,100,,,,1,,,,1,,31
617,2012,,,100,,,,1,,,,1,,37
618,2012,,,100,,,,1,,,,0,,NA
619,2012,,,100,,,,1,,,,1,,30
620,2012,,,100,,,,1,,,,1,,30
621,2012,,,100,,,,1,,,,0,,NA
622,2012,,,100,,,,1,,,,0,,NA
623,2012,,,100,,,,1,,,,1,,31
624,2012,,,100,,,,1,,,,0,,NA
625,2012,,,100,,,,1,,,,0,,NA
626,2012,,,100,,,,1,,,,1,,10
627,2012,,,97,,,,0,,,,0,,NA
628,2012,,,97,,,,0,,,,1,,33
629,2012,,,97,,,,0,,,,1,,17
630,2012,,,97,,,,0,,,,1,,28
631,2012,,,97,,,,1,,,,1,,30
632,2012,,,97,,,,1,,,,0,,NA
633,2012,,,97,,,,1,,,,0,,NA
634,2012,,,97,,,,1,,,,1,,27
635,2012,,,97,,,,1,,,,1,,29
636,2012,,,131,,,,0,,,,1,,22
637,2012,,,131,,,,1,,,,1,,20
638,2012,,,131,,,,1,,,,1,,18
639,2012,,,131,,,,1,,,,1,,16
640,2012,,,131,,,,1,,,,0,,NA
641,2012,,,114,,,,0,,,,1,,31
642,2012,,,114,,,,0,,,,0,,NA
643,2012,,,114,,,,1,,,,1,,14
644,2012,,,114,,,,1,,,,0,,NA
645,2012,,,114,,,,1,,,,0,,NA
646,2012,,,96,,,,0,,,,1,,40
647,2012,,,96,,,,0,,,,1,,29
648,2012,,,96,,,,0,,,,0,,NA
649,2012,,,96,,,,0,,,,0,,NA
650,2012,,,110,,,,1,,,,1,,25
651,2012,,,110,,,,1,,,,1,,29
652,2012,,,110,,,,1,,,,0,,NA
653,2012,,,110,,,,1,,,,1,,27
654,2012,,,110,,,,1,,,,1,,28
655,2012,,,110,,,,1,,,,1,,21
656,2012,,,110,,,,1,,,,1,,24
657,2012,,,110,,,,1,,,,0,,NA
658,2012,,,110,,,,1,,,,1,,25
659,2012,,,108,,,,0,,,,1,,22
660,2012,,,108,,,,0,,,,0,,NA
661,2012,,,108,,,,0,,,,1,,19
662,2012,,,108,,,,0,,,,1,,30
663,2012,,,108,,,,0,,,,1,,20
664,2012,,,108,,,,0,,,,1,,8
665,2012,,,108,,,,0,,,,1,,17
666,2012,,,108,,,,0,,,,0,,NA
667,2012,,,108,,,,0,,,,1,,24
668,2012,,,108,,,,0,,,,1,,21
669,2012,,,108,,,,0,,,,1,,20
670,2012,,,108,,,,0,,,,1,,24
671,2012,,,108,,,,1,,,,0,,NA
672,2012,,,108,,,,1,,,,1,,19
673,2012,,,108,,,,1,,,,1,,27
674,2012,,,108,,,,1,,,,1,,35
675,2012,,,122,,,,0,,,,1,,23
676,2012,,,122,,,,0,,,,0,,NA
677,2012,,,122,,,,0,,,,1,,17
678,2012,,,122,,,,1,,,,1,,16
679,2012,,,108,,,,1,,,,0,,NA
680,2012,,,87,,,,1,,,,0,,NA
681,2012,,,108,,,,1,,,,1,,35
682,2012,,,108,,,,1,,,,1,,23
683,2012,,,108,,,,1,,,,0,,NA
684,2012,,,108,,,,1,,,,1,,22
685,2012,,,108,,,,1,,,,1,,25
686,2012,,,108,,,,1,,,,0,,NA
687,2012,,,108,,,,1,,,,1,,23
688,2012,,,108,,,,1,,,,0,,NA
689,2012,,,108,,,,1,,,,1,,27
690,2012,,,108,,,,1,,,,0,,NA
691,2012,,,108,,,,1,,,,1,,17
692,2012,,,108,,,,1,,,,1,,29
693,2012,,,108,,,,1,,,,1,,26
694,2012,,,108,,,,1,,,,1,,25
695,2012,,,108,,,,1,,,,1,,27
696,2012,,,108,,,,1,,,,1,,29
697,2012,,,109,,,,0,,,,1,,17
698,2012,,,109,,,,0,,,,1,,21
699,2012,,,109,,,,0,,,,1,,27
700,2012,,,109,,,,0,,,,0,,NA
701,2012,,,109,,,,1,,,,1,,22
702,2012,,,109,,,,1,,,,0,,NA
703,2012,,,109,,,,1,,,,1,,21
704,2012,,,109,,,,1,,,,1,,19
705,2012,,,109,,,,1,,,,1,,34
706,2012,,,109,,,,1,,,,1,,25
707,2012,,,109,,,,1,,,,1,,19
708,2012,,,109,,,,1,,,,1,,25
709,2012,,,109,,,,1,,,,1,,29
710,2012,,,109,,,,1,,,,1,,24
711,2012,,,109,,,,1,,,,1,,22
712,2012,,,111,,,,0,,,,1,,16
713,2012,,,111,,,,0,,,,1,,18
714,2012,,,111,,,,0,,,,1,,21
715,2012,,,111,,,,0,,,,1,,18
716,2012,,,111,,,,1,,,,0,,NA
717,2012,,,111,,,,1,,,,1,,24
718,2012,,,111,,,,1,,,,0,,NA
719,2012,,,111,,,,1,,,,0,,NA
720,2012,,,111,,,,1,,,,1,,20
721,2012,,,111,,,,1,,,,0,,NA
722,2012,,,111,,,,1,,,,1,,16
723,2012,,,111,,,,1,,,,1,,21
724,2012,,,111,,,,1,,,,1,,8
725,2012,,,111,,,,1,,,,1,,38
726,2012,,,111,,,,1,,,,0,,NA
727,2012,,,100,,,,0,,,,1,,25
728,2012,,,100,,,,0,,,,0,,NA
729,2012,,,100,,,,0,,,,1,,30
730,2012,,,100,,,,1,,,,1,,35
731,2012,,,100,,,,1,,,,1,,37
732,2012,,,100,,,,1,,,,1,,28
733,2012,,,100,,,,1,,,,1,,6
734,2012,,,111,,,,1,,,,0,,NA
735,2012,,,111,,,,1,,,,0,,NA
736,2012,,,111,,,,1,,,,1,,27
737,2012,,,111,,,,1,,,,0,,NA
738,2012,,,115,,,,0,,,,1,,35
739,2012,,,115,,,,0,,,,0,,NA
740,2012,,,115,,,,0,,,,1,,26
741,2012,,,115,,,,1,,,,1,,4
742,2012,,,115,,,,1,,,,1,,21
743,2012,,,115,,,,1,,,,0,,NA
744,2012,,,115,,,,1,,,,1,,23
745,2012,,,115,,,,1,,,,0,,NA
746,2012,,,115,,,,1,,,,0,,NA
747,2012,,,152,,,,0,,,,1,,14
748,2012,,,152,,,,0,,,,1,,16
749,2012,,,152,,,,1,,,,1,,10
750,2012,,,152,,,,1,,,,1,,3
751,2012,,,152,,,,1,,,,1,,10
752,2012,,,152,,,,1,,,,1,,3
753,2012,,,115,,,,1,,,,0,,NA
754,2012,,,115,,,,1,,,,1,,13
755,2012,,,129,,,,0,,,,1,,7
756,2012,,,129,,,,0,,,,0,,NA
757,2012,,,97,,,,1,,,,1,,33
758,2012,,,97,,,,1,,,,1,,33
759,2012,,,97,,,,1,,,,1,,11
760,2012,,,97,,,,1,,,,1,,6
761,2012,,,97,,,,1,,,,0,,NA
762,2012,,,97,,,,1,,,,0,,NA
763,2012,,,97,,,,1,,,,0,,NA
764,2012,,,97,,,,1,,,,1,,40
765,2012,,,97,,,,1,,,,1,,40
766,2012,,,110,,,,0,,,,1,,15
767,2012,,,110,,,,0,,,,1,,27
768,2012,,,110,,,,0,,,,0,,NA
769,2012,,,110,,,,1,,,,0,,NA
770,2012,,,110,,,,1,,,,1,,18
771,2012,,,145,,,,1,,,,1,,9
772,2012,,,144,,,,0,,,,1,,8
773,2012,,,144,,,,0,,,,1,,11
774,2012,,,144,,,,1,,,,1,,9
775,2012,,,144,,,,1,,,,1,,16
776,2012,,,116,,,,0,,,,0,,NA
777,2012,,,116,,,,0,,,,1,,17
778,2012,,,116,,,,0,,,,1,,17
779,2012,,,116,,,,0,,,,0,,NA
780,2012,,,116,,,,1,,,,1,,11
781,2012,,,116,,,,1,,,,1,,15
782,2012,,,116,,,,1,,,,1,,9
783,2012,,,116,,,,1,,,,1,,19
784,2012,,,116,,,,1,,,,1,,15
785,2012,,,116,,,,1,,,,1,,18
786,2012,,,102,,,,1,,,,0,,NA
787,2012,,,102,,,,1,,,,1,,5
788,2012,,,102,,,,1,,,,0,,NA
789,2012,,,102,,,,1,,,,0,,NA
790,2012,,,102,,,,1,,,,1,,27
791,2012,,,102,,,,1,,,,0,,NA
792,2012,,,102,,,,1,,,,0,,NA
793,2012,,,136,,,,0,,,,1,,12
794,2012,,,136,,,,1,,,,1,,16
795,2012,,,123,,,,1,,,,0,,NA
796,2012,,,123,,,,1,,,,1,,16
797,2012,,,129,,,,1,,,,1,,17
798,2012,,,131,,,,0,,,,1,,13
799,2012,,,118,,,,0,,,,1,,22
800,2012,,,122,,,,1,,,,1,,11
801,2012,,,122,,,,1,,,,1,,11
802,2012,,,87,,,,1,,,,1,,39
803,2012,,,87,,,,1,,,,0,,NA
804,2012,,,87,,,,1,,,,1,,44
805,2012,,,87,,,,1,,,,0,,NA
806,2012,,,87,,,,1,,,,1,,35
807,2012,,,87,,,,1,,,,1,,25
808,2012,,,87,,,,1,,,,1,,46
809,2012,,,87,,,,1,,,,1,,44
810,2012,,,87,,,,1,,,,0,,NA
811,2012,,,87,,,,1,,,,0,,NA
812,2012,,,87,,,,1,,,,1,,39
813,2012,,,87,,,,1,,,,1,,47
814,2012,,,151,,,,1,,,,1,,10
815,2012,,,102,,,,1,,,,0,,NA
816,2012,,,102,,,,1,,,,1,,14
817,2012,,,102,,,,1,,,,1,,30
818,2012,,,102,,,,1,,,,1,,25
819,2012,,,102,,,,1,,,,1,,9
820,2012,,,102,,,,1,,,,1,,11
821,2012,,,102,,,,1,,,,1,,20
822,2012,,,102,,,,1,,,,0,,NA
823,2012,,,102,,,,1,,,,1,,29
824,2012,,,102,,,,1,,,,1,,34
825,2012,,,102,,,,1,,,,0,,NA
826,2012,,,123,,,,1,,,,1,,8
827,2012,,,123,,,,1,,,,1,,16
828,2012,,,115,,,,1,,,,0,,NA
829,2012,,,115,,,,1,,,,1,,20
830,2012,,,115,,,,1,,,,0,,NA
831,2012,,,115,,,,1,,,,0,,NA
832,2012,,,115,,,,1,,,,1,,12
833,2012,,,115,,,,1,,,,1,,22
834,2012,,,123,,,,1,,,,1,,19
835,2012,,,145,,,,1,,,,0,,NA
836,2012,,,114,,,,1,,,,1,,25
837,2012,,,123,,,,1,,,,1,,14
838,2012,,,123,,,,1,,,,1,,16
839,2012,,,118,,,,0,,,,1,,16
840,2012,,,118,,,,1,,,,1,,22
841,2012,,,118,,,,1,,,,0,,NA
842,2012,,,118,,,,1,,,,1,,12
843,2012,,,118,,,,1,,,,0,,NA
844,2012,,,118,,,,1,,,,1,,18
845,2012,,,118,,,,1,,,,0,,NA
846,2012,,,118,,,,1,,,,1,,27
847,2012,,,145,,,,0,,,,1,,9
848,2012,,,123,,,,0,,,,1,,18
849,2012,,,123,,,,0,,,,1,,12
850,2012,,,114,,,,1,,,,1,,25
851,2012,,,114,,,,1,,,,1,,19
852,2012,,,114,,,,1,,,,1,,8
853,2012,,,114,,,,1,,,,0,,NA
854,2012,,,114,,,,1,,,,1,,20
855,2012,,,114,,,,1,,,,1,,15
856,2012,,,114,,,,1,,,,1,,28
857,2012,,,115,,,,0,,,,1,,20
858,2012,,,115,,,,0,,,,1,,26
859,2012,,,123,,,,0,,,,1,,7
860,2012,,,123,,,,0,,,,1,,22
861,2012,,,122,,,,1,,,,1,,14
862,2012,,,122,,,,1,,,,1,,24
863,2012,,,123,,,,0,,,,1,,17
864,2012,,,123,,,,0,,,,1,,19
865,2012,,,123,,,,1,,,,1,,13
866,2012,,,102,,,,0,,,,1,,19
867,2012,,,102,,,,0,,,,1,,18
868,2012,,,123,,,,1,,,,0,,NA
869,2012,,,123,,,,1,,,,0,,NA
870,2012,,,123,,,,1,,,,1,,22
871,2012,,,123,,,,1,,,,1,,15
872,2012,,,123,,,,1,,,,0,,NA
873,2012,,,123,,,,1,,,,1,,18
874,2012,,,122,,,,1,,,,1,,9
875,2012,,,102,,,,0,,,,1,,28
876,2012,,,145,,,,1,,,,1,,10
877,2012,,,145,,,,1,,,,1,,9
878,2012,,,145,,,,1,,,,1,,11
879,2012,,,122,,,,1,,,,1,,13
880,2012,,,111,,,,1,,,,0,,NA
881,2012,,,102,,,,0,,,,1,,37
882,2012,,,102,,,,1,,,,1,,23
883,2012,,,102,,,,0,,,,0,,NA
884,2012,,,122,,,,1,,,,0,,NA
885,2012,,,145,,,,0,,,,1,,6
886,2012,,,145,,,,0,,,,1,,5
887,2012,,,111,,,,1,,,,0,,NA
888,2012,,,111,,,,1,,,,0,,NA
889,2012,,,111,,,,1,,,,1,,27
890,2012,,,122,,,,1,,,,1,,15
891,2012,,,122,,,,1,,,,1,,14
892,2012,,,123,,,,0,,,,1,,19
893,2012,,,123,,,,0,,,,1,,8
894,2012,,,111,,,,1,,,,0,,NA
895,2012,,,122,,,,1,,,,1,,16
896,2012,,,151,,,,0,,,,1,,14
897,2012,,,111,,,,1,,,,1,,21
898,2012,,,123,,,,0,,,,0,,NA
899,2012,,,151,,,,1,,,,1,,6
900,2012,,,122,,,,1,,,,1,,6
901,2012,,,151,,,,0,,,,1,,9
902,2012,,,151,,,,0,,,,1,,9
903,2012,,,123,,,,0,,,,0,,NA
904,2012,,,151,,,,1,,,,1,,11
905,2012,,,151,,,,1,,,,1,,15
906,2012,,,111,,,,1,,,,1,,16
907,2012,,,151,,,,0,,,,1,,13
908,2012,,,122,,,,1,,,,1,,16
909,2012,,,124,,,,0,,,,1,,16
910,2012,,,123,,,,0,,,,1,,16
911,2012,,,151,,,,1,,,,1,,3
912,2013,,,109,,,,0,,,,0,,NA
913,2013,,,109,,,,0,,,,1,,8
914,2013,,,109,,,,1,,,,0,,NA
915,2013,,,112,,,,1,,,,1,,15
916,2013,,,112,,,,1,,,,0,,NA
917,2013,,,112,,,,1,,,,1,,24
918,2013,,,113,,,,0,,,,0,,NA
919,2013,,,113,,,,0,,,,0,,NA
920,2013,,,113,,,,1,,,,1,,11
921,2013,,,113,,,,1,,,,0,,NA
922,2013,,,113,,,,1,,,,1,,13
923,2013,,,113,,,,1,,,,1,,12
924,2013,,,113,,,,1,,,,1,,5
925,2013,,,113,,,,1,,,,0,,NA
926,2013,,,113,,,,1,,,,1,,21
927,2013,,,113,,,,1,,,,0,,NA
928,2013,,,113,,,,1,,,,1,,10
929,2013,,,114,,,,0,,,,1,,24
930,2013,,,114,,,,1,,,,1,,20
931,2013,,,114,,,,1,,,,0,,NA
932,2013,,,114,,,,1,,,,0,,NA
933,2013,,,114,,,,1,,,,1,,5
934,2013,,,114,,,,1,,,,0,,NA
935,2013,,,114,,,,1,,,,0,,NA
936,2013,,,114,,,,1,,,,0,,NA
937,2013,,,115,,,,0,,,,1,,16
938,2013,,,115,,,,1,,,,0,,NA
939,2013,,,115,,,,1,,,,1,,25
940,2013,,,115,,,,1,,,,1,,11
941,2013,,,116,,,,0,,,,0,,NA
942,2013,,,116,,,,0,,,,1,,24
943,2013,,,116,,,,0,,,,0,,NA
944,2013,,,116,,,,1,,,,0,,NA
945,2013,,,119,,,,0,,,,0,,NA
946,2013,,,119,,,,0,,,,1,,22
947,2013,,,119,,,,0,,,,1,,27
948,2013,,,119,,,,1,,,,0,,NA
949,2013,,,119,,,,1,,,,1,,8
950,2013,,,119,,,,1,,,,1,,15
951,2013,,,119,,,,1,,,,1,,9
952,2013,,,119,,,,1,,,,1,,18
953,2013,,,119,,,,1,,,,0,,NA
954,2013,,,119,,,,1,,,,0,,NA
955,2013,,,120,,,,1,,,,1,,21
956,2013,,,122,,,,0,,,,0,,NA
957,2013,,,122,,,,1,,,,1,,20
958,2013,,,122,,,,1,,,,1,,12
959,2013,,,122,,,,1,,,,1,,12
960,2013,,,122,,,,1,,,,0,,NA
961,2013,,,122,,,,1,,,,1,,20
962,2013,,,122,,,,1,,,,0,,NA
963,2013,,,126,,,,0,,,,1,,10
964,2013,,,126,,,,1,,,,0,,NA
965,2013,,,129,,,,1,,,,0,,NA
966,2013,,,130,,,,0,,,,0,,NA
967,2013,,,130,,,,1,,,,1,,15
968,2013,,,130,,,,1,,,,1,,17
969,2013,,,134,,,,0,,,,1,,14
970,2013,,,134,,,,1,,,,1,,15
971,2013,,,134,,,,1,,,,1,,9
972,2013,,,144,,,,0,,,,1,,9
973,2013,,,144,,,,1,,,,1,,15
974,2013,,,144,,,,1,,,,1,,8
975,2013,,,145,,,,0,,,,1,,13
976,2013,,,145,,,,0,,,,1,,6
977,2013,,,151,,,,0,,,,1,,8
978,2013,,,158,,,,0,,,,1,,5
979,2013,,,161,,,,1,,,,1,,7
980,2013,,,165,,,,1,,,,1,,11
981,2014,,,79,,,,0,,,,1,,12
982,2014,,,79,,,,1,,,,0,,NA
983,2014,,,79,,,,1,,,,1,,8
984,2014,,,79,,,,1,,,,1,,34
985,2014,,,80,,,,0,,,,1,,24
986,2014,,,80,,,,0,,,,1,,38
987,2014,,,80,,,,1,,,,0,,NA
988,2014,,,80,,,,1,,,,1,,27
989,2014,,,80,,,,1,,,,0,,NA
990,2014,,,80,,,,1,,,,0,,NA
991,2014,,,80,,,,1,,,,1,,29
992,2014,,,80,,,,1,,,,0,,NA
993,2014,,,80,,,,1,,,,0,,NA
994,2014,,,80,,,,1,,,,0,,NA
995,2014,,,80,,,,1,,,,0,,NA
996,2014,,,80,,,,1,,,,0,,NA
997,2014,,,85,,,,0,,,,0,,NA
998,2014,,,85,,,,0,,,,1,,32
999,2014,,,85,,,,0,,,,1,,24
1000,2014,,,85,,,,1,,,,1,,36
1001,2014,,,85,,,,1,,,,0,,NA
1002,2014,,,85,,,,1,,,,0,,NA
1003,2014,,,85,,,,1,,,,0,,NA
1004,2014,,,85,,,,1,,,,1,,41
1005,2014,,,85,,,,1,,,,0,,NA
1006,2014,,,86,,,,0,,,,0,,NA
1007,2014,,,86,,,,1,,,,0,,NA
1008,2014,,,86,,,,1,,,,1,,16
1009,2014,,,86,,,,1,,,,0,,NA
1010,2014,,,86,,,,1,,,,0,,NA
1011,2014,,,87,,,,0,,,,1,,36
1012,2014,,,87,,,,0,,,,1,,26
1013,2014,,,87,,,,0,,,,0,,NA
1014,2014,,,87,,,,0,,,,1,,37
1015,2014,,,87,,,,1,,,,0,,NA
1016,2014,,,92,,,,0,,,,1,,25
1017,2014,,,92,,,,0,,,,1,,33
1018,2014,,,92,,,,0,,,,1,,19
1019,2014,,,92,,,,0,,,,1,,16
1020,2014,,,92,,,,0,,,,1,,41
1021,2014,,,92,,,,0,,,,0,,NA
1022,2014,,,92,,,,0,,,,0,,NA
1023,2014,,,92,,,,1,,,,0,,NA
1024,2014,,,92,,,,1,,,,1,,28
1025,2014,,,92,,,,1,,,,1,,31
1026,2014,,,92,,,,1,,,,0,,NA
1027,2014,,,92,,,,1,,,,1,,20
1028,2014,,,92,,,,1,,,,0,,NA
1029,2014,,,92,,,,1,,,,0,,NA
1030,2014,,,92,,,,1,,,,0,,NA
1031,2014,,,92,,,,1,,,,1,,25
1032,2014,,,92,,,,1,,,,0,,NA
1033,2014,,,92,,,,1,,,,0,,NA
1034,2014,,,92,,,,1,,,,1,,22
1035,2014,,,92,,,,1,,,,1,,26
1036,2014,,,92,,,,1,,,,0,,NA
1037,2014,,,92,,,,1,,,,0,,NA
1038,2014,,,92,,,,1,,,,0,,NA
1039,2014,,,92,,,,1,,,,1,,12
1040,2014,,,92,,,,1,,,,0,,NA
1041,2014,,,92,,,,1,,,,1,,28
1042,2014,,,92,,,,1,,,,0,,NA
1043,2014,,,92,,,,1,,,,0,,NA
1044,2014,,,92,,,,1,,,,1,,31
1045,2014,,,92,,,,1,,,,0,,NA
1046,2014,,,92,,,,1,,,,0,,NA
1047,2014,,,92,,,,1,,,,1,,28
1048,2014,,,92,,,,1,,,,1,,34
1049,2014,,,92,,,,1,,,,0,,NA
1050,2014,,,92,,,,1,,,,0,,NA
1051,2014,,,92,,,,1,,,,1,,42
1052,2014,,,93,,,,0,,,,0,,NA
1053,2014,,,93,,,,0,,,,0,,NA
1054,2014,,,93,,,,0,,,,1,,21
1055,2014,,,93,,,,0,,,,0,,NA
1056,2014,,,93,,,,0,,,,0,,NA
1057,2014,,,93,,,,0,,,,1,,13
1058,2014,,,93,,,,0,,,,1,,24
1059,2014,,,93,,,,1,,,,1,,18
1060,2014,,,93,,,,1,,,,1,,23
1061,2014,,,93,,,,1,,,,0,,NA
1062,2014,,,93,,,,1,,,,0,,NA
1063,2014,,,93,,,,1,,,,0,,NA
1064,2014,,,93,,,,1,,,,0,,NA
1065,2014,,,93,,,,1,,,,1,,18
1066,2014,,,93,,,,1,,,,0,,NA
1067,2014,,,93,,,,1,,,,0,,NA
1068,2014,,,93,,,,1,,,,0,,NA
1069,2014,,,93,,,,1,,,,0,,NA
1070,2014,,,93,,,,1,,,,1,,29
1071,2014,,,93,,,,1,,,,1,,21
1072,2014,,,93,,,,1,,,,1,,41
1073,2014,,,93,,,,1,,,,0,,NA
1074,2014,,,93,,,,1,,,,0,,NA
1075,2014,,,93,,,,1,,,,1,,39
1076,2014,,,93,,,,1,,,,1,,19
1077,2014,,,93,,,,1,,,,0,,NA
1078,2014,,,93,,,,1,,,,1,,26
1079,2014,,,93,,,,1,,,,0,,NA
1080,2014,,,93,,,,1,,,,0,,NA
1081,2014,,,94,,,,0,,,,0,,NA
1082,2014,,,94,,,,0,,,,1,,37
1083,2014,,,94,,,,0,,,,0,,NA
1084,2014,,,94,,,,0,,,,0,,NA
1085,2014,,,94,,,,0,,,,0,,NA
1086,2014,,,94,,,,0,,,,1,,22
1087,2014,,,94,,,,0,,,,1,,27
1088,2014,,,94,,,,0,,,,0,,NA
1089,2014,,,94,,,,0,,,,1,,34
1090,2014,,,94,,,,0,,,,1,,20
1091,2014,,,94,,,,0,,,,0,,NA
1092,2014,,,94,,,,0,,,,1,,23
1093,2014,,,94,,,,0,,,,0,,NA
1094,2014,,,94,,,,1,,,,0,,NA
1095,2014,,,94,,,,1,,,,0,,NA
1096,2014,,,94,,,,1,,,,1,,14
1097,2014,,,94,,,,1,,,,0,,NA
1098,2014,,,94,,,,1,,,,1,,39
1099,2014,,,94,,,,1,,,,1,,24
1100,2014,,,94,,,,1,,,,0,,NA
1101,2014,,,94,,,,1,,,,0,,NA
1102,2014,,,94,,,,1,,,,1,,34
1103,2014,,,94,,,,1,,,,0,,NA
1104,2014,,,94,,,,1,,,,0,,NA
1105,2014,,,94,,,,1,,,,1,,28
1106,2014,,,94,,,,1,,,,0,,NA
1107,2014,,,94,,,,1,,,,1,,31
1108,2014,,,94,,,,1,,,,1,,21
1109,2014,,,94,,,,1,,,,1,,42
1110,2014,,,94,,,,1,,,,1,,31
1111,2014,,,94,,,,1,,,,0,,NA
1112,2014,,,94,,,,1,,,,0,,NA
1113,2014,,,94,,,,1,,,,0,,NA
1114,2014,,,94,,,,1,,,,0,,NA
1115,2014,,,94,,,,1,,,,1,,37
1116,2014,,,100,,,,0,,,,1,,21
1117,2014,,,100,,,,0,,,,1,,28
1118,2014,,,100,,,,0,,,,0,,NA
1119,2014,,,100,,,,0,,,,0,,NA
1120,2014,,,100,,,,0,,,,0,,NA
1121,2014,,,100,,,,0,,,,1,,21
1122,2014,,,100,,,,1,,,,0,,NA
1123,2014,,,100,,,,1,,,,0,,NA
1124,2014,,,100,,,,1,,,,0,,NA
1125,2014,,,100,,,,1,,,,1,,25
1126,2014,,,100,,,,1,,,,1,,28
1127,2014,,,100,,,,1,,,,1,,15
1128,2014,,,100,,,,1,,,,0,,NA
1129,2014,,,100,,,,1,,,,1,,17
1130,2014,,,100,,,,1,,,,1,,34
1131,2014,,,100,,,,1,,,,1,,20
1132,2014,,,100,,,,1,,,,1,,24
1133,2014,,,100,,,,1,,,,0,,NA
1134,2014,,,100,,,,1,,,,1,,16
1135,2014,,,100,,,,1,,,,0,,NA
1136,2014,,,100,,,,1,,,,0,,NA
1137,2014,,,100,,,,1,,,,1,,16
1138,2014,,,100,,,,1,,,,0,,NA
1139,2014,,,100,,,,1,,,,0,,NA
1140,2014,,,100,,,,1,,,,1,,11
1141,2014,,,100,,,,1,,,,1,,15
1142,2014,,,100,,,,1,,,,0,,NA
1143,2014,,,100,,,,1,,,,1,,29
1144,2014,,,100,,,,1,,,,0,,NA
1145,2014,,,100,,,,1,,,,0,,NA
1146,2014,,,100,,,,1,,,,0,,NA
1147,2014,,,100,,,,1,,,,1,,4
1148,2014,,,100,,,,1,,,,1,,25
1149,2014,,,100,,,,1,,,,0,,NA
1150,2014,,,100,,,,1,,,,1,,14
1151,2014,,,100,,,,1,,,,0,,NA
1152,2014,,,100,,,,1,,,,0,,NA
1153,2014,,,100,,,,1,,,,0,,NA
1154,2014,,,100,,,,1,,,,0,,NA
1155,2014,,,100,,,,1,,,,0,,NA
1156,2014,,,100,,,,1,,,,1,,27
1157,2014,,,100,,,,1,,,,0,,NA
1158,2014,,,101,,,,0,,,,1,,13
1159,2014,,,101,,,,0,,,,1,,8
1160,2014,,,101,,,,0,,,,1,,24
1161,2014,,,101,,,,0,,,,0,,NA
1162,2014,,,101,,,,0,,,,0,,NA
1163,2014,,,101,,,,0,,,,1,,20
1164,2014,,,101,,,,1,,,,0,,NA
1165,2014,,,101,,,,1,,,,1,,16
1166,2014,,,101,,,,1,,,,0,,NA
1167,2014,,,101,,,,1,,,,1,,19
1168,2014,,,101,,,,1,,,,1,,9
1169,2014,,,101,,,,1,,,,0,,NA
1170,2014,,,101,,,,1,,,,0,,NA
1171,2014,,,101,,,,1,,,,0,,NA
1172,2014,,,101,,,,1,,,,1,,16
1173,2014,,,101,,,,1,,,,0,,NA
1174,2014,,,101,,,,1,,,,0,,NA
1175,2014,,,101,,,,1,,,,1,,23
1176,2014,,,101,,,,1,,,,0,,NA
1177,2014,,,101,,,,1,,,,0,,NA
1178,2014,,,101,,,,1,,,,0,,NA
1179,2014,,,101,,,,1,,,,0,,NA
1180,2014,,,101,,,,1,,,,0,,NA
1181,2014,,,101,,,,1,,,,0,,NA
1182,2014,,,101,,,,1,,,,0,,NA
1183,2014,,,102,,,,0,,,,1,,21
1184,2014,,,102,,,,1,,,,0,,NA
1185,2014,,,102,,,,1,,,,1,,13
1186,2014,,,102,,,,1,,,,1,,26
1187,2014,,,102,,,,1,,,,1,,29
1188,2014,,,104,,,,1,,,,1,,28
1189,2014,,,104,,,,1,,,,0,,NA
1190,2014,,,104,,,,1,,,,1,,16
1191,2014,,,104,,,,1,,,,1,,22
1192,2014,,,104,,,,1,,,,0,,NA
1193,2014,,,105,,,,0,,,,1,,19
1194,2014,,,105,,,,0,,,,0,,NA
1195,2014,,,105,,,,0,,,,0,,NA
1196,2014,,,105,,,,1,,,,0,,NA
1197,2014,,,105,,,,1,,,,0,,NA
1198,2014,,,105,,,,1,,,,0,,NA
1199,2014,,,105,,,,1,,,,1,,17
1200,2014,,,105,,,,1,,,,1,,25
1201,2014,,,105,,,,1,,,,1,,22
1202,2014,,,105,,,,1,,,,1,,16
1203,2014,,,105,,,,1,,,,1,,17
1204,2014,,,105,,,,1,,,,0,,NA
1205,2014,,,106,,,,0,,,,0,,NA
1206,2014,,,106,,,,0,,,,0,,NA
1207,2014,,,106,,,,1,,,,1,,26
1208,2014,,,106,,,,1,,,,0,,NA
1209,2014,,,106,,,,1,,,,1,,19
1210,2014,,,106,,,,1,,,,1,,18
1211,2014,,,106,,,,1,,,,0,,NA
1212,2014,,,106,,,,1,,,,0,,NA
1213,2014,,,106,,,,1,,,,0,,NA
1214,2014,,,106,,,,1,,,,0,,NA
1215,2014,,,106,,,,1,,,,1,,18
1216,2014,,,106,,,,1,,,,1,,27
1217,2014,,,107,,,,0,,,,1,,27
1218,2014,,,107,,,,1,,,,0,,NA
1219,2014,,,107,,,,1,,,,0,,NA
1220,2014,,,107,,,,1,,,,0,,NA
1221,2014,,,119,,,,0,,,,0,,NA
1222,2014,,,119,,,,0,,,,0,,NA
1223,2014,,,119,,,,0,,,,1,,11
1224,2014,,,119,,,,0,,,,0,,NA
1225,2014,,,119,,,,0,,,,1,,22
1226,2014,,,119,,,,0,,,,0,,NA
1227,2014,,,119,,,,1,,,,1,,10
1228,2014,,,119,,,,1,,,,1,,17
1229,2014,,,119,,,,1,,,,0,,NA
1230,2014,,,119,,,,1,,,,1,,11
1231,2014,,,119,,,,1,,,,0,,NA
1232,2014,,,119,,,,1,,,,1,,22
1233,2014,,,119,,,,1,,,,1,,7
1234,2014,,,119,,,,1,,,,1,,14
1235,2014,,,119,,,,1,,,,1,,11
1236,2014,,,120,,,,0,,,,1,,5
1237,2014,,,120,,,,0,,,,1,,17
1238,2014,,,120,,,,0,,,,0,,NA
1239,2014,,,120,,,,1,,,,0,,NA
1240,2014,,,120,,,,1,,,,1,,14
1241,2014,,,126,,,,1,,,,1,,13
1242,2014,,,126,,,,1,,,,1,,8
1243,2014,,,126,,,,1,,,,1,,16
1244,2014,,,127,,,,0,,,,1,,21
1245,2014,,,127,,,,0,,,,1,,13
1246,2014,,,127,,,,0,,,,0,,NA
1247,2014,,,127,,,,0,,,,1,,13
1248,2014,,,127,,,,0,,,,1,,17
1249,2014,,,127,,,,1,,,,0,,NA
1250,2014,,,127,,,,1,,,,1,,13
1251,2014,,,127,,,,1,,,,0,,NA
1252,2014,,,127,,,,1,,,,1,,25
1253,2014,,,128,,,,0,,,,1,,15
1254,2014,,,128,,,,0,,,,0,,NA
1255,2014,,,128,,,,1,,,,0,,NA
1256,2014,,,128,,,,1,,,,1,,14
1257,2014,,,128,,,,1,,,,1,,15
1258,2014,,,128,,,,1,,,,0,,NA
1259,2014,,,132,,,,0,,,,0,,NA
1260,2014,,,132,,,,0,,,,1,,18
1261,2014,,,132,,,,1,,,,1,,19
1262,2014,,,132,,,,1,,,,1,,13
1263,2014,,,132,,,,1,,,,1,,8
1264,2014,,,133,,,,0,,,,1,,11
1265,2014,,,133,,,,0,,,,0,,NA
1266,2014,,,133,,,,1,,,,1,,19
1267,2014,,,133,,,,1,,,,1,,12
1268,2014,,,133,,,,1,,,,1,,16
1269,2015,,,95,,,,1,,,,0,,NA
1270,2015,,,95,,,,1,,,,0,,NA
1271,2015,,,95,,,,1,,,,0,,NA
1272,2015,,,95,,,,1,,,,1,,13
1273,2015,,,95,,,,1,,,,1,,16
1274,2015,,,95,,,,1,,,,0,,NA
1275,2015,,,95,,,,1,,,,1,,12
1276,2015,,,97,,,,1,,,,1,,7
1277,2015,,,97,,,,1,,,,1,,22
1278,2015,,,97,,,,1,,,,1,,17
1279,2015,,,97,,,,1,,,,0,,NA
1280,2015,,,97,,,,0,,,,0,,NA
1281,2015,,,97,,,,0,,,,0,,NA
1282,2015,,,97,,,,1,,,,1,,16
1283,2015,,,97,,,,1,,,,0,,NA
1284,2015,,,97,,,,1,,,,0,,NA
1285,2015,,,97,,,,1,,,,0,,NA
1286,2015,,,97,,,,1,,,,0,,NA
1287,2015,,,97,,,,1,,,,0,,NA
1288,2015,,,97,,,,1,,,,0,,NA
1289,2015,,,97,,,,1,,,,0,,NA
1290,2015,,,97,,,,1,,,,0,,NA
1291,2015,,,97,,,,1,,,,1,,21
1292,2015,,,97,,,,1,,,,1,,9
1293,2015,,,97,,,,1,,,,1,,14
1294,2015,,,97,,,,1,,,,0,,NA
1295,2015,,,97,,,,1,,,,0,,NA
1296,2015,,,97,,,,1,,,,1,,10
1297,2015,,,97,,,,1,,,,1,,17
1298,2015,,,97,,,,1,,,,0,,NA
1299,2015,,,97,,,,0,,,,0,,NA
1300,2015,,,97,,,,0,,,,1,,25
1301,2015,,,97,,,,0,,,,0,,NA
1302,2015,,,97,,,,0,,,,0,,NA
1303,2015,,,98,,,,1,,,,0,,NA
1304,2015,,,98,,,,0,,,,1,,20
1305,2015,,,98,,,,0,,,,1,,22
1306,2015,,,98,,,,0,,,,0,,NA
1307,2015,,,98,,,,1,,,,0,,NA
1308,2015,,,98,,,,1,,,,0,,NA
1309,2015,,,98,,,,1,,,,1,,29
1310,2015,,,98,,,,1,,,,1,,15
1311,2015,,,98,,,,1,,,,1,,14
1312,2015,,,98,,,,1,,,,0,,NA
1313,2015,,,98,,,,1,,,,1,,13
1314,2015,,,98,,,,1,,,,0,,NA
1315,2015,,,98,,,,0,,,,0,,NA
1316,2015,,,109,,,,1,,,,0,,NA
1317,2015,,,109,,,,1,,,,1,,10
1318,2015,,,109,,,,1,,,,1,,15
1319,2015,,,109,,,,1,,,,0,,NA
1320,2015,,,109,,,,1,,,,1,,6
1321,2015,,,109,,,,1,,,,0,,NA
1322,2015,,,109,,,,1,,,,0,,NA
1323,2015,,,109,,,,1,,,,0,,NA
1324,2015,,,109,,,,1,,,,0,,NA
1325,2015,,,89,,,,1,,,,0,,NA
1326,2015,,,89,,,,1,,,,1,,14
1327,2015,,,89,,,,1,,,,0,,NA
1328,2015,,,89,,,,0,,,,0,,NA
1329,2015,,,89,,,,1,,,,0,,NA
1330,2015,,,89,,,,1,,,,0,,NA
1331,2015,,,89,,,,1,,,,0,,NA
1332,2015,,,89,,,,1,,,,0,,NA
1333,2015,,,89,,,,1,,,,0,,NA
1334,2015,,,126,,,,0,,,,1,,12
1335,2015,,,126,,,,0,,,,0,,NA
1336,2015,,,127,,,,1,,,,1,,8
1337,2015,,,127,,,,1,,,,1,,14
1338,2015,,,127,,,,1,,,,1,,5
1339,2015,,,127,,,,1,,,,1,,7
1340,2015,,,127,,,,0,,,,1,,6
1341,2015,,,127,,,,1,,,,1,,7
1342,2015,,,127,,,,1,,,,0,,NA
1343,2015,,,127,,,,1,,,,0,,NA
1344,2015,,,127,,,,1,,,,0,,NA
1345,2015,,,127,,,,1,,,,1,,15
1346,2015,,,127,,,,1,,,,1,,5
1347,2015,,,99,,,,1,,,,0,,NA
1348,2015,,,99,,,,1,,,,0,,NA
1349,2015,,,99,,,,1,,,,1,,16
1350,2015,,,99,,,,1,,,,0,,NA
1351,2015,,,99,,,,0,,,,0,,NA
1352,2015,,,99,,,,1,,,,1,,21
1353,2015,,,99,,,,1,,,,1,,12
1354,2015,,,99,,,,1,,,,1,,22
1355,2015,,,109,,,,1,,,,1,,7
1356,2015,,,110,,,,0,,,,1,,13
1357,2015,,,110,,,,0,,,,1,,5
1358,2015,,,110,,,,0,,,,0,,NA
1359,2015,,,110,,,,1,,,,0,,NA
1360,2015,,,110,,,,1,,,,1,,19
1361,2015,,,105,,,,1,,,,0,,NA
1362,2015,,,105,,,,1,,,,0,,NA
1363,2015,,,105,,,,1,,,,0,,NA
1364,2015,,,105,,,,1,,,,1,,9
1365,2015,,,109,,,,1,,,,0,,NA
1366,2015,,,109,,,,1,,,,0,,NA
1367,2015,,,109,,,,1,,,,0,,NA
1368,2015,,,109,,,,1,,,,0,,NA
1369,2015,,,109,,,,1,,,,1,,8
1370,2015,,,109,,,,1,,,,1,,17
1371,2015,,,109,,,,1,,,,1,,18
1372,2015,,,109,,,,0,,,,0,,NA
1373,2015,,,109,,,,0,,,,0,,NA
1374,2015,,,109,,,,0,,,,1,,15
1375,2015,,,109,,,,0,,,,0,,NA
1376,2015,,,109,,,,0,,,,0,,NA
1377,2015,,,109,,,,0,,,,0,,NA
1378,2015,,,109,,,,0,,,,0,,NA
1379,2015,,,109,,,,1,,,,1,,6
1380,2015,,,109,,,,1,,,,1,,7
1381,2015,,,109,,,,1,,,,1,,9
1382,2015,,,109,,,,1,,,,0,,NA
1383,2015,,,109,,,,1,,,,0,,NA
1384,2015,,,109,,,,1,,,,1,,7
1385,2015,,,109,,,,1,,,,0,,NA
1386,2015,,,109,,,,1,,,,1,,12
1387,2015,,,109,,,,1,,,,1,,10
1388,2015,,,109,,,,1,,,,0,,NA
1389,2015,,,110,,,,1,,,,0,,NA
1390,2015,,,110,,,,1,,,,0,,NA
1391,2015,,,110,,,,1,,,,0,,NA
1392,2015,,,110,,,,1,,,,1,,15
1393,2015,,,110,,,,1,,,,0,,NA
1394,2015,,,110,,,,0,,,,1,,15
1395,2015,,,110,,,,0,,,,0,,NA
1396,2015,,,105,,,,1,,,,1,,9
1397,2015,,,105,,,,1,,,,0,,NA
1398,2015,,,105,,,,0,,,,0,,NA
1399,2015,,,105,,,,0,,,,0,,NA
1400,2015,,,105,,,,0,,,,1,,15
1401,2015,,,111,,,,1,,,,1,,21
1402,2015,,,111,,,,1,,,,1,,17
1403,2015,,,111,,,,1,,,,1,,17
1404,2015,,,111,,,,1,,,,0,,NA
1405,2015,,,105,,,,1,,,,0,,NA
1406,2015,,,105,,,,1,,,,0,,NA
1407,2015,,,105,,,,1,,,,1,,4
1408,2015,,,105,,,,0,,,,1,,7
1409,2015,,,111,,,,1,,,,1,,3
1410,2015,,,111,,,,1,,,,1,,15
1411,2015,,,111,,,,1,,,,1,,17
1412,2015,,,111,,,,1,,,,0,,NA
1413,2015,,,111,,,,0,,,,0,,NA
1414,2015,,,118,,,,1,,,,1,,12
1415,2015,,,118,,,,1,,,,0,,NA
1416,2015,,,118,,,,1,,,,1,,13
1417,2015,,,104,,,,1,,,,1,,19
1418,2015,,,111,,,,1,,,,1,,15
1419,2015,,,111,,,,1,,,,1,,9
1420,2015,,,111,,,,1,,,,0,,NA
1421,2015,,,111,,,,0,,,,1,,14
1422,2015,,,104,,,,1,,,,0,,NA
1423,2015,,,104,,,,1,,,,0,,NA
1424,2015,,,102,,,,0,,,,0,,NA
1425,2015,,,102,,,,0,,,,1,,20
1426,2015,,,102,,,,0,,,,1,,10
1427,2015,,,124,,,,0,,,,1,,9
1428,2015,,,124,,,,1,,,,0,,NA
1429,2015,,,126,,,,1,,,,0,,NA
1430,2015,,,104,,,,1,,,,0,,NA
1431,2015,,,104,,,,1,,,,0,,NA
1432,2015,,,104,,,,1,,,,1,,17
1433,2015,,,104,,,,1,,,,0,,NA
1434,2015,,,104,,,,1,,,,1,,12
1435,2015,,,104,,,,1,,,,1,,9
1436,2015,,,102,,,,0,,,,1,,25
1437,2015,,,104,,,,1,,,,1,,11
1438,2015,,,104,,,,0,,,,0,,NA
1439,2015,,,104,,,,1,,,,0,,NA
