DOY, 2015:WRNO:tempc (C), 2014:WRNO:tempc (C), 2013:WRNO:tempc (C), 2012:WRNO:tempc (C), 2011:WRNO:tempc (C), 2010:WRNO:tempc (C), 2009:WRNO:tempc (C), 2008:WRNO:tempc (C), 2007:WRNO:tempc (C), 2006:WRNO:tempc (C), 2005:WRNO:tempc (C), 2004:WRNO:tempc (C), 2003:WRNO:tempc (C), 2002:WRNO:tempc (C), 2001:WRNO:tempc (C), 2000:WRNO:tempc (C), 1999:WRNO:tempc (C), 1998:WRNO:tempc (C)
1,5.358,4.546,5.171,5.217,4.513,3.95, NA,4.688,4.446,4.413,5.979,4.929,6.713,5.425,4.671,5.963, NA,6.525
2,5.371,4.554,4.875,5.004,4.096,4.129, NA,4.525,4.621,4.517,5.846,4.929,6.7,5.55,4.558,5.875, NA,6.25
3,5.663,4.629,4.764,5.004,4.029,4.263, NA,4.563,4.858,4.588,5.546,4.808,6.742,5.646,4.525,5.8, NA,5.979
4,5.538,4.571,4.862,5.096,4.1,4.238, NA,4.629,4.863,4.663,5.167,4.221,6.796,5.725,4.663,5.8, NA,5.763
5,5.583,4.333,4.642,5.258,4.321,4.263, NA,4.758,4.713,4.8,4.883,3.117,6.679,5.6,4.742,5.758, NA,5.796
6,5.513,4.029,4.692,5.125,4.538,4.313, NA,4.817,4.829,4.9,4.958,2.263,6.392,5.508,4.729,5.613, NA,5.888
7,5.138,4.067,4.842,5.088,4.688,4.013, NA,4.725,4.913,5.1,4.967,2.3,6.133,5.575,4.542,5.533, NA,5.929
8,4.804,4.2,5.133,5.025,4.804,3.783, NA,4.475,5.046,5.25,4.765,2.383,5.917,5.738,4.454,5.542, NA,5.896
9,4.617,4.4,5.213,5.033,4.725,3.808, NA,4.388,5.05,5.304,4.667,2.446,5.792,5.738,4.558,5.5, NA,5.467
10,4.467,4.696,5.079,5.013,4.408,3.863, NA,4.3,4.858,5.563,4.463,2.658,5.658,5.583,4.521,5.35, NA,5.196
11,4.396,4.888,4.829,4.629,3.813,3.883, NA,4.367,4.55,5.646,4.321,2.675,5.579,5.55,4.521,5.196, NA,4.404
12,4.35,4.95,4.65,4.178,3.565,3.954, NA,4.508,4.088,5.425,4.396,2.629,5.692,5.565,4.658,5.05, NA,3.583
13,4.404,5.092,4.421, NA,3.767,4.129, NA,4.554,3.683,5.3,4.458,2.604,5.854,5.471,4.758,4.93, NA,3.679
14,4.342,5.121,4.217, NA,4.104,4.283, NA,4.483,3.313,5.2,4.054,2.475,6.004,5.513,4.863,4.954, NA,3.892
15,4.342,4.921,4.25, NA,4.308,4.308, NA,4.304,2.996,5.063,3.173,2.404,6.025,5.483,4.896,4.988, NA,4.15
16,4.508,4.625,4.329, NA,4.642,4.45, NA,4.125,3.104,4.933,2.644,2.354,6.054,5.367,4.708,4.83, NA,4.196
17,4.633,4.429,4.108,4.078,4.846,4.588, NA,3.967,3.342,4.892,2.633,2.338,5.921,5.363,4.467, NA, NA,4.404
18,4.917,4.167,3.958,3.811,4.617,4.65, NA,3.933,3.267,4.925,2.883,2.308,5.813,5.529,4.413,4.822, NA,4.475
19,5.092,4.129,3.875,3.73,4.383,4.725, NA,3.979,3.192,5.088,3.211,2.292,5.808,5.604,4.421,4.708, NA,4.425
20,4.992,3.958,3.513,3.669,4.258,4.646, NA,4.004,3.333,5.196,3.38,2.208,5.779,5.654,4.358,4.592, NA,4.33
21,4.888,3.983,3.358,3.421,4.35,4.583, NA,3.613,3.4,5.25,3.538,2.246,5.642,5.692,4.383,4.552, NA,4.104
22,4.754,4.133,3.196,3.5,4.454,4.604, NA,3.342,3.292,5.229,3.742,2.325,5.513,5.667,4.388,4.517, NA,3.95
23,4.821,4.004,3,3.531,4.588,4.629, NA,2.958,3.058,5.188,3.717,2.371,5.588,5.629,4.396,4.387, NA,3.867
24,4.979,3.854,3.146,3.439,4.842,4.538, NA,2.625,2.85,5.108,3.613,2.529,5.625,5.658,4.383,4.313, NA,3.875
25,5.117,3.863,3.2,3.554,5.163,4.392, NA,2.629,2.621,5.075,3.454,2.704,5.658,5.613,4.408,4.304, NA,4.008
26,5.208,3.858,3.208,3.538,5.208,4.35, NA,2.608,2.475,5.083,3.304,2.875,5.917,5.446,4.317,4.383, NA,4.221
27,5.146,3.713,3.283,3.375,5.075,4.429, NA,2.554,2.404,5.021,3.233,2.975,6.083,5.35,4.192,4.321, NA,4.346
28,5.104,3.846,3.388,3.246,4.883,4.588, NA,2.638,2.25,5.013,3.308,3.238,6,5.3,4.096,4.063, NA,4.558
29,4.958,4.021,3.471,3.354,4.804,4.663, NA,2.763,2.208,5.013,3.267,3.7,5.842,5.067,4.017,3.7, NA,4.688
30,4.817,4.238,3.696,3.463,4.792,4.758, NA,2.713,2.154,5.121,3.292,3.905,5.917,4.833,4.15,3.408, NA,4.721
31,4.621,4.363,3.821,3.504,4.525,4.908, NA,2.713,2.154,5.017,3.4,3.8,6.2,4.713,4.213,3.421, NA,4.646
32,4.417,4.404,3.861,3.463,4.242,4.938,3.179,2.721,2.179,4.996,3.463,3.829,6.033,4.688,4.208,3.558, NA,4.667
33,4.458,4.221,3.904,3.488,4.004,5.038,3.146,2.642,2.258,5.021,3.533,3.883,5.954,4.721,4.238,3.792, NA,4.658
34,4.567,4.088,3.817,3.413,4.025,5.167,3.175,2.613,2.304,5.008,3.671,3.775,5.954,4.8,4.242,3.892, NA,4.758
35,4.571,3.692,3.863,3.15,4.254,5.271,3.129,2.575,2.546,5.033,3.892,3.875,5.817,4.75,4.313,3.904, NA,4.788
36,4.6,2.863,3.942,3.133,4.542,5.363,3.058,2.463,2.704,4.921,4.1,4.067,5.629,4.646,4.363,3.854, NA,4.879
37,4.642,2.038,4.058,2.979,4.625,5.408,3.025,2.338,2.721,4.821,4.142,4.117,5.508,4.546,4.363,3.871, NA,5.1
38,4.8,1.921,4.133,2.883,4.708,5.446,3.138,2.492,2.713,4.733,4.154,4.221,5.404,4.642,4.233,4.013, NA,5.121
39,4.954,1.638,4.133,2.967,4.575,5.438,3.154,2.558,2.8,4.696,4.15,4.342,5.396,4.658,4.138,4.088, NA,5.133
40,5.029,1.75,4.121,3.183,4.217,5.446,3.042,2.783,2.95,4.758,4.138,4.367,5.471,4.738,4.029,4.158, NA,5.088
41,5.146,2.059,4.192,3.458,3.95,5.329,2.967,3.058,3.042,4.621,4.171,4.358,5.696,4.779,3.863,4.133, NA,5.063
42,5.246,2.45,4.325,3.563,3.917,5.333,2.854,3.258,3.013,4.588,4.183,4.321,5.75,4.783,3.742,4.204, NA,5.046
43,5.292,2.783,4.396,3.663,3.975,5.4,2.663,3.342,3.054,4.579,4.254,4.246,5.725,4.568,3.867,4.3, NA,5.146
44,5.346,3.196,4.638,3.767,4.113,5.483,2.748,3.304,3.025,4.704,4.367,4.096,5.767,4.448,3.963,4.358, NA,5.221
45,5.438,3.4,4.804,3.783,4.208,5.525,2.639,3.363,3.063,4.725,4.446,4.217,5.858,4.592,4.038,4.321, NA,5.354
46,5.625,3.321,4.842,3.804,4.179,5.596,2.808,3.279,3.321,4.667,4.338,4.304,5.883,4.571,4.133,4.358, NA,5.479
47,5.775,3.292,4.871,3.788,4.1,5.679,2.892,3.475,3.6,4.492,4.225,4.279,5.9,4.658,4.146,4.388, NA,5.454
48,5.733,3.367,4.788,3.858,4.063,5.675,2.908,3.679,3.8,3.783,4.179,4.183,5.842,4.696,3.988,4.508, NA,5.542
49,5.638,3.229,4.688,3.925,4.008,5.713,2.95,3.754,3.863,3.313,4.129,4.146,5.888,4.85,3.958,4.633, NA,5.546
50,5.817,3.225,4.642,3.925,3.946,5.638,3.104,3.767,3.992,3.258,4.142,4.233,5.983,4.892,4.063,4.621, NA,5.621
51,5.958,3.454,4.592,3.963,3.963,5.583,3.258,3.929,4.113,3.263,4.25,4.271,6.029,4.975,4.171,4.521, NA,5.579
52,5.992,3.563,4.588,4.258,4.108,5.45,3.15,4.017,4.083,3.375,4.363,4.4,6.204,5.05,4.229,4.483, NA,5.6
53,5.775,3.588,4.625,4.758,4.183,5.267,3.092,4.088,4.129,3.663,4.321,4.5,6.238,5.246,4.317,4.571, NA,5.675
54,5.596,3.646,4.6,4.683,4.2,5.258,3.088,4.263,4.171,3.821,4.317,4.471,6.083,5.379,4.242,4.754, NA,5.708
55,5.608,3.646,4.65,4.617,4.067,5.346,3.229,4.504,4.108,3.746,4.342,4.338,5.375,5.496,4.288,4.867, NA,5.733
56,5.675,3.625,4.713,4.592,3.692,5.592,3.483,4.571,4.058,3.508,4.333,4.338,5.275,5.225,4.292,4.733, NA,5.738
57,5.825,3.5,4.708,4.429,3.525,5.709,3.575,4.729,4.158,3.313,4.438,4.442,5.329,5.058,4.292,4.638, NA,5.796
58,5.958,3.571,4.867,4.404,3.408,5.871,3.579,4.921,4.238,3.325,4.571,4.496,5.492,5.013,4.321,4.617, NA,5.75
59,5.813,3.792,5.004,4.283,3.5,6.054,3.575,5.033,4.238,3.471,4.621,4.579,5.558,4.967,4.138,4.796, NA,5.717
60,5.7,3.788,5.242,4.217,3.35,6.175,3.696,5.108,4.254,3.625,4.675,4.763,5.754,5.083,4.092,4.896,5.278,5.821
61,5.713,3.6,5.367,4.291,3.454,6.213,3.733,5.133,4.283,3.813,4.808,5.004,5.813,5.092,4.042,4.967,5.3,5.979
62,5.704,3.754,5.375,4.508,3.454,6.179,3.846,5.158,4.529,3.854,4.858,5.117,6,5.129,4.096,5.008,5.288,6.013
63,5.742,4.192,5.358,4.825,3.429,6.379,3.946,5.096,4.717,4.15,4.85,5.113,6.154,5.204,4.175,5.054,5.321,6.1
64,5.729,4.496,5.204,5.063,3.438,6.396,4.113,5.067,4.908,4.379,4.929,5.138,6.283,5.388,4.367,5.183,5.504,5.95
65,5.767,4.888,5.104,5.113,3.538,6.408,4.233,5.146,5.021,4.496,5.025,5.188,6.4,5.4,4.575,5.254,5.55,5.838
66,5.813,5.083,5.196,5.063,3.571,6.463,4.213,5.071,5.117,4.663,5.213,5.283,6.304,5.342,4.796,5.304,5.592,5.783
67,5.953,4.946,5.233,5.05,3.646,6.504,4.243,5.088,5.142,4.813,5.425,5.425,6.179,5.258,4.717,5.338,5.554,5.896
68,6.158,5.022,5.413,5.042,3.792,6.475,4.267,5.225,5.154,4.721,5.696,5.704,6.321,5.171,4.908,5.45,5.613,5.988
69,6.304,4.983,5.474,5.121,4.133,6.433,4.208,5.404,5.208,4.842,6.046,5.942,6.625,5.146,5.079,5.575,5.65,6.15
70,6.354,5.154,5.613,5.296,4.421,6.417,4.075,5.713,5.413,4.863,6.267,6.038,6.8,5.396,5.133,5.842, NA,6.313
71,6.496,5.096,5.808,5.391,4.483,6.433,4.029,5.763,5.633,4.975,6.4,6.338,6.945,5.596,5.23,5.938, NA,6.563
72,6.621,5.204,6.108,5.354,4.578,6.375,4.125,5.921,5.863,5.196,6.463,6.4,7,5.633,5.721,6.017, NA,6.642
73,6.771,5.608,6.342,5.279,4.663,6.396,4.321,5.892,5.9,5.317,6.467,6.442,7.008,5.596,6.079,6.071, NA,6.883
74,6.946,6.004,6.529,5.121,4.767,6.625,4.454,5.867,5.713,5.413,6.588,6.475,7.1,5.624,6.142,6.238, NA,7.108
75,7.125,6.513,6.608,5.038,4.967,6.758,4.554,5.925,5.692,5.471,6.658,6.663,7.3,5.471,6.113,6.283,5.759,7.25
76,7.271,6.65,6.5,5.354,5.067,7.017,4.583,6.004,5.9,5.517,6.725,6.963,7.383,5.423,6.1,6.433,5.754,7.345
77,7.458,6.713,6.467,5.763,5.075,7.075,4.868,6.125,6.25,5.517,6.846,7.092,7.371,5.461,6.196,6.346,5.913,7.435
78,7.679,6.7,6.442,5.879,5.158,7.142,5.129,6.296,6.442,5.633,6.888,7.192,7.371,5.488,6.358,6.475,6.188,7.513
79,7.796,6.739,6.475,5.792,5.267,7.242,5.279,6.392,6.513,5.783,6.833,7.054,7.517,5.654,6.492,6.554,6.421,7.871
80,7.975,6.871,6.429,5.621,5.313,7.488,5.442,6.413,6.508,6.029,6.942,7.046,7.683,5.35,6.696,6.642,6.604,8.067
81,8.137,6.838,6.458,5.577,5.546,7.629,5.533,6.533,6.838,6.054,6.904,7.317,7.779,5.288,6.921,6.867,6.679,8.154
82,8.3,6.95,6.546, NA,5.621,7.75,5.592,6.433,7.357,6.183,6.983,7.463,7.838,5.704,7.113,7.046,6.792,8.275
83,8.371,7.046,6.579,5.862,5.646,7.813,5.754,6.433,7.568,6.375,7.208,7.875,7.921,5.892,7.363,7.192,6.942,8.325
84,8.496,7.217,6.571,6.042,5.667,7.971,5.804,6.542,7.579,6.504,7.371,8.217,8.025,6.171,7.433,7.292,7.05,8.429
85,8.688,7.217,6.713,6.183,5.883,7.963,5.938,6.671,7.408,6.596,7.4,8.167,8.029,6.371,7.55,7.288,6.95,8.55
86,8.888,7.229,7,6.304,5.942,8.075,6.079,6.8,7.308,6.713,7.458,8.142,6.475,6.433,7.521,7.392,6.925,8.663
87,9.083,7.113,7.167,6.358,6.142,8.15,6.183,6.733,7.4,7.104,7.404,8.117,0.2,6.521,7.567,7.517,7.196,8.623
88,9.125,7.075,7.458,6.263,6.408,8.036,6.267,6.638,7.538,7.196,7.383,8.329,4.818,6.663,7.767,7.438,7.354,8.483
89,9.204,7.046,7.779,6.333,6.708,7.825,6.333,6.492,7.613,7.471,7.371,8.567,8.758,6.842,7.85,7.604,7.463,8.483
90,9.179,7.067,8.183,6.275,7.079,7.821,6.424,6.454,7.6,7.717,7.492,8.721,8.958,7.013,7.232,7.717,7.579,8.558
91,9.129,7.029,8.263,6.329,7.25,7.975,6.395,6.625,7.333,7.879,7.663,8.683,8.888,7.096,6.917,7.863,7.617,8.5
92,9.146,7.121,8.546,6.417,7.3,7.929,6.525,6.738,7.188,8.03,7.596,8.833,8.746,7.063,6.85,8.164,7.658,8.413
93,9.017,7.367,8.921,6.721,7.454,7.75,6.671,6.933,7.167,8.158,7.648,8.988,8.563,7.1,6.858,8.458,7.6,8.425
94,9.117,7.425,8.937,6.908,7.579,7.679,6.796,7.067,7.475,8.163,7.758,9.179,8.646,7.342,6.658,8.738,7.542,8.429
95,9.204,7.629,8.833,7.071,7.771,7.8,7.079,7.104,7.808,8.433,7.813,9.365,8.677,7.358,7.529,8.842,7.513,8.525
96,9.379,7.896,8.904,7.008,7.904,8.05,7.25,7.079,8.058,8.554,8.004,9.475,8.679,7.505,8.336,8.692,7.646,8.792
97,9.538,8.096,8.871,7.054,7.883,8.254,7.408,7.121,8.142,8.504,8.042,9.688,8.779,7.717,8.35,8.717,7.713,8.838
98,9.658,8.492,8.942,7.054,7.975,8.263,7.583,7.171,8.263,8.538,8.088,9.9,8.904,7.996,8.413,8.792,7.663,8.792
99,9.74,8.871,9.279,7.263,8.071,8.379,7.767,7.263,8.325,8.738,8.171,10.054,9.167,8.296,8.442,9.029,7.542,8.9
100,10.007,8.921,9.367,7.596,8.021,8.325,7.867,7.379,8.292,8.75,8.3,10.225,9.388,8.483,8.404,9.258,7.583,9.025
101,9.942,8.992,9.483,7.837,7.913,8.683,7.871,7.429,8.4,8.7,8.454,10.45,9.525,8.592,8.458,9.538,7.75,9.121
102,9.892,9.275,9.613,8.013,7.95,9.038,7.979,7.613,8.371,8.754,8.546,10.433,9.633,8.817,8.438,9.896,8.133,9.225
103,9.888,9.542,9.479,8.046,8.033,9.133,8.05,7.954,8.529,8.863,8.683,10.638,9.817,8.842,8.429,10.113,8.404,9.233
104,9.742,9.658,9.438,8.104,7.933,9.267,7.979,8.196,8.829,8.908,8.888,10.908,9.938,9.463,8.383,10.325,8.446,9.058
105,9.863,9.704,9.5,8.3,7.958,9.525,8.05,8.25,8.921,8.883,8.992,11.033,10.167,9.438,8.438,10.238,8.429,9.092
106,9.975,9.829,9.458,8.546,7.988,9.808,8.38,8.133,8.979,8.833,9.121,10.942,10.313,9.508,8.663,10.129,8.558,9.25
107,10.142,9.858,9.4,8.692,8,9.988, NA,8.204,9,8.858,9.233,10.75,10.192,9.671,8.808,10.35,8.913,9.542
108,10.446,10.046,9.367,8.533,8.125,10.183, NA,8.358,9.188,9.004,9.458,10.942,10.263,9.937,9.121,10.508,9.217,9.933
109,10.767,10.038,9.354,8.429,8.217,10.308, NA,8.429,9.392,9.1,9.663,11.058,10.425,10.017,9.292,10.758,9.179,10.2
110,11,10,9.458,8.646,8.317,10.292, NA,8.467,9.538,9.142,9.908,11.121,10.538,10.042,9.425,10.854,9.196,10.446
111,11.042,10.088,9.533,8.937,8.317,9.988, NA,8.6,9.554,9.208,10.25,11.142,10.633,9.988,9.567,11.046,9.312,10.754
112,11.067,10.113,9.579,9.271,8.379,9.979, NA,8.754,9.763,9.333,10.563,11.263,10.7,10.059,9.663,11.158,9.596,10.929
113,10.963,9.983,9.704,9.696,8.529,10.179, NA,8.729,10.008,9.471,10.6,11.546,10.917,9.939,9.621,11.275,10.017,10.946
114,10.796,9.983,9.825,10.038,8.808,10.396, NA,8.738,10.163,9.733,10.679,11.633,10.838,9.839,9.913,11.121,10.279,10.825
115,10.813,10.025,10.021,10.304,8.992,10.7, NA,8.779,10.217,9.887,10.74,11.542,10.663,9.9,10.308,10.942,10.525,10.904
116,10.979,10.071,10.363,10.571,9.033,10.838, NA,9.05,10.333,9.854,11.135,11.692,10.642,9.842,10.758,10.892,10.596,11.021
117,11.458,9.95,10.733,10.617,9.163,10.921, NA,9.433,10.658,10.075,11.425,12.071,10.717,9.9,10.917,11.042,10.588,11.13
118,11.825,10.029,10.892,10.654,9.242,11.079, NA,9.571,10.904,10.346,11.604,12.267,10.808,10.071,11.15,11.004,10.629,11.768
119,12.079,10.271,10.913,10.867,9.275,11.121, NA,9.713,11.008,10.588,11.533,12.217,10.925,10.263,11.164,10.954,10.85,12.163
120,12.317,10.529,10.713,11.075,9.442,11.133, NA,9.871,11.15,10.729,11.5,12.238,11.146,10.404,11.15,10.952,11.025,12.467
121,12.692,10.779,10.821,11.121,9.658,11.179, NA,9.971,11.1,10.804,11.713,12.292,11.417,10.539,10.779,11.03,11.078,12.658
122,12.733,10.975,11.058,11.013,9.854,11.217, NA,10.113,11.15,11.021,12,12.433,11.517,10.621,10.771,11.221,10.983,12.875
123,12.896,11.013,11.413,11.096,9.904,11.238, NA, NA,11.346,11.308,12.421,12.75,11.379,10.509,11.354,11.4,10.917,13.071
124,13.125,11,11.688,11.246,10.05,11.129, NA, NA,11.496,11.654,12.846,13.017,11.258,10.567,11.763,11.4,10.85,13.283
125,13.175,11.208,11.975,11.217,10.154,11.154, NA, NA,11.458,11.871,12.913,13.129,11.275,10.383,11.971,11.471,10.975,13.65
126,13.333,11.467,12.25,10.983,10.313,11.113, NA, NA,11.567,11.833,12.904,13.113,11.425,10.288,12.213,11.683,10.971,13.983
127,13.388,11.783,12.542,10.95,10.425,11.163, NA, NA,11.988,11.658,13.033,13.079,11.421,10.225,12.542,11.888,10.896,14.15
128,13.446,11.95,12.858,10.996,10.454,11.358, NA, NA,12.458,11.588,13.188,13.142,11.554,10.542,12.867,12.188,10.95,14.017
129,13.742,11.942,13.096,11.158,10.529,11.575, NA, NA,12.454,11.704,13.221,13.467,11.55,10.725,12.379,12.3,10.779,13.917
130,14.108,11.971,13.333,11.063,10.946,11.675, NA, NA,12.358,11.942,13.104,13.775,11.638,10.863,12.992,12.3,10.738,13.829
131,14.058,12.313,13.613,10.871,11.142,11.621, NA, NA,12.408,12.246,13.35,13.8,11.883,11.2,13.3,12.05,10.867,13.558
132,13.979,12.5,13.967,11.033,11.35,11.667, NA, NA,12.517,12.296,13.571,13.613,11.904,11.471,13.608,11.883,10.97,13.304
133,14.063,12.646,14.167,11.383,11.583,11.938, NA, NA,12.404,12.392,13.717,13.675,12.246,11.55,13.758,11.971,10.938,13.042
134,14.096,12.813,14.05,11.775,11.804,12.396, NA, NA,12.604,12.638,13.825,13.921,12.475,11.558,13.6,12.238,10.988,13.133
135,14.1,13.058,13.988,12.229,11.804,12.821, NA, NA,13.1,12.892,13.879,14.096,12.321,11.813,13.5,12.442,11.08,13.025
136,14.179,13.329,14.05,12.679,11.717,13.125, NA, NA,13.475,13.25,13.813,14.058,12.183,11.954,13.375,12.8,11.346,12.892
137,14.592,13.413,14.133,12.796,12.004,13.179, NA, NA,13.575,13.525,13.921,14.096,12.1,12.175,13.25,12.954,11.45,12.604
138,14.961,13.417,13.979,12.683,12.142,13.029, NA, NA,13.721,13.821,14.017,14.15,12.088,12.383,13.471,12.883,11.567,12.571
139,15.121,13.658,13.921,12.8,12.242,13.088, NA, NA,13.821,14.013,14.042,14.083,12.217,12.629,13.746,12.917,11.796,12.492
140,15.325,13.979,13.979,13.133,12.333,13.046, NA, NA,13.879,14.279,14.067,14.063,12.529,12.758,13.992,13.192,12.142,12.521
141,15.505,14.175,13.988,13.513,12.288,13.088, NA, NA,13.617,14.588,14.017,14.363,12.875,12.9,14.396,13.583,12.421,12.4
142,15.439,14.338,13.625,13.667,12.342,13.017, NA, NA,13.671,14.721,13.908,14.179,13.171,13.025,15.008,13.863,12.783,12.4
143,15.273,14.338,13.388,13.546,12.433,12.942, NA, NA,13.8,14.733,13.967,13.983,13.321,13.071,15.454,14.204,13.113,12.646
144,15.15,14.358,13.458,13.496,12.479,12.829, NA, NA,14.033,14.842,14.063,14.021,13.408,13.242,15.871,14.425,13.638,12.904
145,15.364,14.288,13.738,13.517,12.321,13.063, NA, NA,14.167,14.938,14.117,14.479,13.533,13.571,16.221,14.796,13.9,13.004
146,15.634,14.438,13.729,13.417,11.917,13.258, NA, NA,14.392,14.75,14.283,14.692,13.638,13.804,16.525,14.7,13.829,13.071
147,16.158,14.483,13.633,13.317,11.992,13.392, NA, NA,14.354,14.467,14.533,14.683,13.579,13.829,16.383,14.696,13.996,13.025
148,16.738,14.463,13.458,13.117,12.096,13.242, NA, NA,14.329,14.138,14.829,14.779,13.938,13.75,15.925,14.613,14.263,13.263
149,17.039,14.513,13.467,13.071,12.271,13.1, NA, NA,14.479,13.888,14.908,14.475,14.217,13.763,15.742,14.8,14.542,13.571
150,17.137,14.671,13.638,13.221,12.492,13.267, NA, NA,14.829,13.829,15.025,14.288,14.346,14.029,15.846,14.85,14.821,13.546
151,17.368,14.833,13.925,13.392,12.692,13.613, NA, NA,15.218,13.763,15.125,14.446,14.4,14.329,16.038,14.825,14.971,13.821
152,17.363,14.85,14.104,13.492,12.683,13.883, NA, NA, NA,13.729,15.225,14.533,14.679,14.579,16.363,14.583,14.921,14.046
153,17.17,14.9,14.283,13.763,12.733,13.925, NA, NA, NA,13.771,15.242,14.692,14.75,14.575,16.275,14.55,14.75,13.913
154,17.391,14.942,14.596,14.029,12.883,13.854, NA, NA, NA,14.021,15.238,14.929,14.838,14.763,16.288,15.029,14.583,14.042
155,17.671,15.038,14.875,14.021,13.125,13.817, NA, NA, NA,14.346,15.313,15.233,15.038,14.971,16.271,15.217,14.529,14.179
156,18.074,15.192,15.146,14.071,13.204,14.029, NA, NA, NA,14.838,15.292,15.425,15.492,15.029,16.238,15.408,14.388,14.483
157,18.442,15.454,15.558,14,13.183,14.367, NA, NA, NA,15.15,15.342,15.558,15.933,14.642,16.138,15.625,14.067,14.833
158,18.762,15.679,15.813,14.017,13.308,14.404, NA, NA, NA,15.383,15.454,15.375,16.108,14.329,16.413,15.488,13.775,15.163
159,19.019,15.971,15.779,14.15,13.296,14.492, NA, NA, NA,15.395,15.604,15.271,16.142,14.258,16.9,15.475,13.608,15.417
160,19.246,16.2,16.013,14.142,13.638,14.383, NA, NA, NA,15.419,15.971,15.279,16.071,14.538,17.092,15.313,13.675,15.596
161,18.994,16.246,16.279,13.829,13.938,14.396, NA, NA, NA,15.625,16.067,15.367,15.979,14.646,17.067,15.296,13.896,15.858
162,18.668,16.404,16.329,13.692,14.083,14.617, NA, NA, NA,15.568,16.004,15.521,16.092,14.904,16.913,15.217,14.096,16.146
163,18.52,16.504,16.371,13.867,14.179,15.163, NA, NA, NA,16.038,15.842,15.321,16.3,14.921,16.167,15.192,14.271,16.479
164,18.494,16.446,16.563,14.013,14.163,15.358, NA, NA, NA,16.075,15.963,15.233,16.413,15.033,15.842,15.2,14.433,16.788
165,18.863,16.208,16.754,14.271,14.433,14.992, NA, NA, NA,16.109,16.021,15.158,16.471,15.146,16.027,15.496,14.846,16.846
166,19.317,16.104,17.092,14.283,14.321,14.663, NA, NA, NA,16.096,16.204,15.15,16.642,15.233,16.142,15.992,14.854,16.758
167,19.48,16,17.329,14.542,14.233,14.488, NA, NA, NA,16.171,16.429,15.246,16.842,15.279,16.367,16.313,15.183,16.663
168,19.48,15.958,17.458,14.913,14.217,14.496, NA, NA, NA,16.213,16.429,15.463,17.229,15.213,16.517,16.317,15.425,16.808
169,19.72,15.992,17.533,15.288,14.133,14.958, NA, NA, NA,16.19,16.717,15.842,17.296,15.396,16.467,16.471,15.696,16.696
170,19.728,16.238,17.317,15.304,14.108,15.1, NA, NA, NA,16.129,16.95,16.246,17.129,15.625,16.733,16.571,16.021,16.538
171,19.78,16.392,16.967,15.254,14.308,15.121, NA, NA, NA,16.2,17.346,16.55,16.767,15.792,17.129,16.388,16.104,16.875
172,19.82,16.342,16.831,15.575,14.738,15.225, NA, NA, NA,16.267,17.596,16.971,16.454,16.125,17.379,16.446,16.179,17.308
173,19.965,16.329,16.972,15.917,15.058,15.371, NA, NA, NA,16.571,17.571,17.35,16.35,16.421,17.6,16.625,16.313,17.513
174,19.967,16.55,17.382,15.796,14.967,15.625, NA, NA, NA,16.663,17.708,17.542,16.358,16.579,17.571,16.892,16.6,17.671
175,20.128,16.788,17.287,15.567,14.979,15.917, NA, NA, NA,16.971,17.738,17.671,16.583,16.667,17.492,17.029,16.792,17.738
176,20.487,16.983,17.183,15.671,15.208,16.175, NA, NA, NA,17.442,17.679,17.963,16.9,16.75,17.371,17.208,16.592,17.5
177,20.848,16.996,17.065,15.754,15.325,16.292, NA, NA, NA,17.85,17.767,18.196,17.292,16.975,17.375,17.626,16.404,17.344
178,21.225,17.154,17.067,15.758,15.492,16.388, NA, NA, NA,18.225,17.808,18.275,17.608,17.1,17.458,18.167,16.458,17.717
179,21.385,17.425,17.209,15.979,15.654,16.675, NA, NA, NA,18.188,17.746,18.383,17.846,17.033,17.596,18.567,16.363,18.088
180,21.592,17.488,17.69,16.238,15.688,16.896, NA, NA, NA,18.183,17.921,18.583,18.063,17.038,17.829,19.071,16.329,18.388
181,21.69,17.696,17.922,16.279,15.717,16.779, NA, NA, NA,18.213,18.488,18.808,18.129,17.35,18.129,19.358,16.392,18.475
182,21.936,17.983,18.156,16.292,15.963,16.754, NA, NA, NA,18.492,18.875,18.965,18.138,17.613,18.279,19.175,16.48,18.329
183,22.093,18.367,18.178,16.258,16.3,16.808, NA, NA, NA,18.804,18.763,19.25,18.104,17.788,18.379,18.821,16.279,18.042
184,22.294,18.329,18.513,16.195,16.354,16.85, NA, NA, NA,19.117,18.621,19.35,18.021,17.708,18.604,18.592,16.261,17.821
185,22.394,18.238,18.521,16.146,16.392,16.808, NA, NA, NA,19.263,18.708,19.583,18.2,17.671,19.017,18.233,16.388,17.933
186,22.644,18.304,18.371,16.083,16.492,16.617, NA, NA, NA,19.125,18.921,19.521,18.375,17.579,18.946,18.196,16.663,18.1
187,22.872,18.583,18.608,16.154,16.754,16.971, NA, NA, NA,18.996,19.092,19.517,18.692,17.742,18.713,18.321,16.913,18.6
188,22.707,18.946,19.038,16.371,16.908,17.442, NA, NA, NA,18.958,19.225,19.729,18.879,17.8,18.717,18.571,16.875,19.004
189,22.653,19.308,19.375,16.7,16.892,17.892, NA, NA, NA,19.225,19.208,19.65,18.908,17.875,18.954,18.85,16.854,19.371
190,22.823,19.492,19.804,17.221,16.921,18.233, NA, NA, NA,19.908,19.058,19.596,19.063,17.904,19.263,18.863,16.927,19.675
191,22.737,19.633,19.946,17.625,17.154,18.458, NA, NA, NA,20.104,19.046,19.633,19.408,17.992,19.588,18.779,17.325,19.704
192,22.357,19.788,19.854,17.738,17.129,18.642, NA, NA, NA,20.163,19.288,19.658,19.6,18.304,19.658,18.846,17.579,19.604
193,22.28,20.075,19.771,17.875,17.008,18.446, NA, NA, NA,20.046,19.75,19.879,19.925,18.688,19.921,18.738,17.833,19.754
194,22.473,20.342,19.721,18.088,17.1,18.004, NA, NA, NA,19.987,19.867,20.15,20.129,18.842,19.942,18.813,18,19.971
195,22.663,20.325,20.05,18.138,17.329,18.308, NA, NA, NA, NA,19.967,20.538,20.288,18.767,19.871,19.104,17.842,20.175
196,22.533,20.746,20.267,18.254,17.571,18.658, NA, NA, NA, NA,20.071,20.783,20.354,18.792,19.408,19.233,17.954,20.492
197,22.471,21.104,20.396,18.338,17.596,18.963, NA, NA, NA, NA,20.133,20.938,20.417,18.996,19.054,19.213,18.229,20.8
198,22.418,21.108,20.413,18.408,17.575,19.025, NA, NA, NA, NA,20.354,21.079,20.475,19.352,18.929,19.179,18.246,21.083
199,22.602,20.763,20.538,18.733,17.508,19.058, NA, NA, NA, NA,20.692,21.113,20.717,19.746,19.017,19.391,18.338,21.067
200,22.884,20.742,20.696,18.883,17.508,18.967, NA, NA, NA, NA,20.738,21.233,20.946,19.875,19.363,19.4,18.692,21.025
201,22.942,20.796,20.704,18.938,17.725,19.029, NA, NA, NA, NA,20.638,21.179,21.158,19.983,19.225,19.529,18.979,21.092
202,22.665,20.788,20.792,18.963,17.796,19.225, NA, NA, NA, NA,20.733,21.167,21.554,20.171,19.179,19.767,19.05,21.4
203,22.191,20.804,20.854,18.971,17.758,19.446, NA, NA, NA, NA,20.854,21.271,21.8,20.463,19.35,20.067,19.225,21.85
204,21.967,20.696,20.938,18.875,17.917,19.825, NA, NA, NA, NA,20.921,21.463,21.525,20.721,19.646,20.123,19.167,22.117
205,21.775,20.3,21.071,18.867,18.229,20.313, NA, NA, NA, NA,20.954,21.533,21.296,20.867,19.95,20.178,18.908,21.97
206,21.681,20.354,21.229,19.038,18.346,20.588, NA, NA, NA, NA,20.863,21.821,21.208,20.963,20.275,20.317,18.863,22.057
207,21.48,20.517,21.35,19.404,18.458,20.708, NA, NA, NA, NA,21.004,21.858,21.113,20.813,20.408,20.386,19.025,22.271
208,21.298,20.75,21.183,19.692,18.404,20.875, NA, NA, NA, NA,21.325,21.792,21.233,20.479,20.321,20.383,19.308,22.521
209,21.528,21.042,20.817,19.463,18.504,20.833, NA, NA, NA, NA,21.554,21.921,21.675,20.238,20.308,20.59,19.713,22.788
210,21.906,21.204,20.721,19.375,18.771,20.738, NA, NA, NA, NA,21.604,22.146,21.135,20.388,20.238,20.624,19.842,22.892
211,22.188,21.35,20.8,19.421,19.104,20.629, NA, NA, NA, NA,21.804,22.15,22.425,20.667,20.013,20.967,19.763,22.613
212,22.401,21.513,21.013,19.325,19.279,20.558, NA, NA, NA, NA,21.975,22.029,22.496,20.654,20.083,21.291,19.783,22.475
213,22.546,21.558,21.013,19.267,19.388,20.613, NA, NA, NA, NA,21.792,22.154,22.208,20.713,20.125,21.571,19.808,22.158
214,22.316,21.608,20.942,19.254,19.546,20.825, NA, NA, NA, NA,21.696,22.163,21.992,20.579,20.375,21.538,20.029,22.142
215,22.052,21.692,21.021,19.308,19.713,20.825, NA, NA, NA, NA,21.696,22.096,21.875,20.433,20.308,21.446,20.221,22.371
216,21.698,21.963,21.296,19.592,19.979,20.979, NA, NA, NA, NA,21.796,21.883,21.821,20.363,20.213,21.275,20.458,22.654
217,21.362,21.758,21.633,19.892,19.979,21.421, NA, NA, NA, NA,22.013,22.046,21.858,20.154,20.333,21.404,20.779,22.813
218,21.273,21.467,21.95,20.263,19.958,21.554, NA, NA, NA, NA,22.213,22.138,21.921,20.142,20.663,21.729,20.808,22.75
219,21.257,21.438,22.167,20.6,19.975,21.458, NA, NA, NA, NA,22.142,21.996,22.054,20.088,21.05,21.938,20.854,22.4
220,21.553,21.15,22,20.746,19.975,21.55, NA, NA, NA, NA,22.138,21.925,22.283,20.163,21.338,21.913,20.896,22.125
221,21.853,21.2,21.779,20.679,19.929,21.329, NA, NA, NA, NA,22.017,21.875,22.379,20.408,21.504,21.85,21.074,22.129
222,22.193,21.546,21.75,20.517,19.871,20.979, NA, NA, NA, NA,21.713,22.121,22.229,20.608,21.796,21.838,21.267,22.142
223,22.266,21.925,21.775,20.446,19.863,20.946, NA, NA, NA, NA,21.521,22.454,22.15,20.704,21.983,21.633,21.058,22.404
224,22.289,22.233,21.817,20.608,20.038,21.167, NA, NA, NA, NA,21.475,22.804,22.158,20.754,21.913,21.392,20.862,22.821
225,22.204,22.358,21.825,20.946,20.092,21.321, NA, NA, NA, NA,21.479,23.104,22.067,20.817,21.954,21.238,20.719,23.121
226,21.935,22.333,21.867,21.242,20.108,21.533, NA, NA, NA, NA,21.729,23.196,22.038,20.854,21.913,21.046,20.387,23.325
227,21.797,22.338,21.908,21.342,20.083,21.896, NA, NA, NA, NA,22.042,23.15,22.033,20.913,21.921,20.771,20.329,23.05
228,21.759,22.208,22.017,21.454,20.104,22.292, NA, NA, NA, NA,21.971,22.917,21.938,20.904,21.688,20.575,20.413,22.592
229,21.861,22.271,22.158,21.575,20.183,22.55, NA, NA, NA, NA,21.65,22.717,21.875,20.992,21.663,20.546,20.583,22.292
230,21.975,22.542,22.146,21.788,20.171,22.296, NA, NA, NA, NA,21.696,22.642,22.022,20.796,21.508,20.492,20.546,22.017
231,22.161,22.738,22.15,21.779,20.317,21.838, NA, NA, NA, NA,21.888,22.583,21.994,20.75,21.417,20.279,20.483,21.858
232,22.182,22.45,22.017,21.558,20.588,21.396, NA, NA, NA, NA,21.742,22.6,20.783,20.517,21.321,20.238,20.513,21.867
233,21.783,22.042,21.933,21.392,20.783,21.029, NA, NA, NA, NA,21.733,22.633,21.946,20.146,21.071,20.121,20.278,21.892
234,21.328,21.746,21.875,21.179,20.842,20.475, NA, NA, NA, NA,21.6,22.688,21.913,20.15,20.933,20.313,20.248,21.854
235,21.127,21.679,21.813,20.879,20.892,20.296, NA, NA, NA, NA,21.229,22.608,21.421,20.3,20.938,20.304,20.353,21.696
236,21.03,21.879,21.871,20.542,21.158,20.333, NA, NA, NA, NA,21.163,22.25,21.45,20.538,21.246,20.496,20.519,21.467
237,21.015,22.092,21.854,20.283,21.279,20.683, NA, NA, NA, NA,21.075,21.888,21.525,20.663,21.438,20.567,20.663,21.438
238,21.04,22.413,21.754,20.229,21.345,20.763, NA, NA, NA, NA,21.113,11.55,21.571,20.675,21.654,20.583,20.826,21.325
239,21.312,22.596,21.779,20.304,21.521,20.658, NA, NA, NA, NA,21.179,12.563,21.508,20.663,21.838,20.392,20.865,21.183
240,21.415,22.421,21.967,20.342,21.538,20.688, NA, NA, NA, NA,21.267,21.446,21.546,20.975,21.858,20.129,20.896,21.363
241,21.366,22.283,22.075,20.367,21.233,20.3, NA, NA, NA, NA,20.996,21.683,21.633,21.029,21.95,20.004,20.767,21.567
242,21.133,22.063,22.246,20.329,20.913,20.146, NA, NA, NA,20.808,20.929,21.679,21.733,20.771,22.021,19.904,20.329,21.563
243,21.016,21.692,22.317,20.271,20.45,19.704, NA, NA, NA,20.646,20.875,21.746,21.629,20.625,21.888,20.067,19.925,21.783
244,20.948,21.421,22.388,20.092,20.125,19.438, NA, NA, NA,20.15,20.963,21.808,21.479,20.567,21.475,19.996,19.933,21.946
245,20.715,21.263,22.371,19.788,20.138,19.404, NA, NA, NA,19.9,20.883,21.533,21.429,20.683,21.371,19.858,19.963,21.917
246,20.554,20.904,22.157,19.629,19.958,19.517, NA, NA, NA,20.092,20.667,20.808,21.385,20.504,21.267,19.742,20.129,21.925
247,20.306,20.567,22.017,19.567,19.691,19.488, NA, NA, NA,20.417,20.563,20.429,21.638,20.308,21.054,19.646,20.154,21.921
248,20.001,20.413,21.763,19.6,20.405,19.208, NA, NA, NA,20.517,20.442,20.133,21.875,20.2,20.583,19.625,20,22
249,19.614,20.65,21.433,19.779,20.708,19.017, NA, NA, NA,20.596,20.479,19.871,21.792,19.992,20.079,19.371,19.725,21.804
250,19.493,20.629,21.375,19.817,20.763,18.967, NA, NA, NA,20.488,20.358,19.796,21.567,19.763,19.833,19.2,19.288,21.717
251,19.494,20.617,21.521,19.779,20.892,18.904, NA, NA, NA,20.421,20.625,19.858,21.063,19.404,19.692,19.275,18.958,21.408
252,19.809,20.579,21.717,19.786,21.067,18.858, NA, NA, NA,20.304,20.113,19.908,20.7,19.496,19.604,19.221,18.992,20.821
253,19.961,20.508,21.888,19.679,21.083,18.696, NA, NA, NA,20.121,19.713,19.917,20.525,19.554,17.973,19.171,18.708,20.475
254,19.929,19.783,21.958,19.429,21.071,18.438, NA, NA, NA,20.163,19.713,19.871,20.271,19.863,19.064,18.954,18.696,20.442
255,20.153,19.221,22.204,19.171,20.904,18.533, NA, NA, NA,20.104,19.738,20.117,20.204,20.117,20.021,19.1,18.575,20.696
256,20.278,19.338,22.317,18.975,20.704,18.775, NA, NA, NA,19.804,19.679,20.004,19.921,20.196,20.271,19.438,18.483,20.879
257,19.798,19.304,22.246,18.629,20.417,18.921, NA, NA, NA,19.308,19.571,19.767,19.575,20.229,20.625,19.633,18.579,20.958
258,19.222,19.275,22.117,18.583,20.008,18.858, NA, NA, NA,19.088,19.188,19.363,19.475,20.054,20.763,19.717,18.588,21.358
259,18.906,19.5,21.904,18.983,19.722,18.954,20.9, NA, NA,19.054,18.892,19.296,19.367,19.792,20.633,19.779,18.471,21.592
260,18.913,19.713,21.571,19.288,19.529,19.033,20.754, NA, NA,19.004,18.75,19.2,19.125,19.658,20.167,19.638,18.492,21.379
261,18.995,19.758,21.167,19.35,19.454,19.088,20.579,19.767, NA,18.971,18.608,18.896,19.079,19.363,19.754,19.488,18.663,21.154
262,18.77,19.854,20.692,19.238,19.35,19.179,20.254,19.633, NA,18.713,18.6,18.671,19.15,19.142,18.596,19.496,18.808,20.879
263,18.852,19.979,20.492,19.35,19.442,18.992,19.917,19.408,19.007,18.5,18.629,18.575,19.088,18.996,19.188,19.542,18.788,20.613
264,18.949,19.913,20.371,19.267,19.429,18.846,19.121,19.008,18.808,18.092,18.392,18.475,19.038,18.713,19.146,19.479,18.908,20.4
265,18.868,19.904,20.171,19.017,19.688,18.771,18.967,18.633,18.604,17.858,18.142,18.342,18.163,18.558,19.117,19.238,19.017,20.292
266,18.658,19.804,19.846,18.792,19.933,18.525,19.013,18.358,18.213,18.108,18.083,18.208,19.075,18.571,19.175,18.242,18.996,20.35
267,18.5,19.608,19.683,18.533,20.025,18.483,19.175,17.967,18.004,17.804,18.017,18.171,19.221,18.942,19.225,17.871,18.65,20.133
268,18.54,19.6,19.592,18.433,19.892,18.475,19.383,17.863,17.946,17.729,17.833,18.125,19.175,19.217,19.283,17.521,18.1,19.892
269,18.488,19.571,19.333,18.392,19.617,18.463,19.325,17.938,17.971,17.808,17.796,18.242,18.525,19.042,19.263,17.471,17.6,19.667
270,18.177,19.383,18.875,18.271,19.238,18.65,18.771,17.879,18.088,18.071,17.771,18.392,19.204,19.025,19.013,17.55,17.296,19.738
271,17.641,19.325,18.542,18.229,18.979,18.954,18.533,17.917,17.8,18.488,17.867,18.358,19.242,18.954,18.983,17.667,16.988,19.8
272,17.651,19.183,18.1,18.346,18.392,19.138,18.471,17.908,17.446,18.658,17.783,18.396,19.163,18.513,18.838,17.9,16.979,19.671
273,17.957,19.008,17.488,18.554,18.279,19.192,18.263,17.658,17.175,18.463,17.883,18.325,18.304,18.071,18.467,17.971,17.138,19.504
274,18.175,18.758,17.258,18.429,18.448,19.121,18.242,17.938,17.088,18.163,17.825,18.208,18.908,17.796,18.283,17.983,17.25,19.421
275,17.946,18.617,17.188,18.325,18.4,19.158,18.1,18.088,16.888,17.908,17.521,17.946,18.754,17.513,18.492,18.063,17.058,19.1
276,17.776,18.283,17.254,18.1,18.35,18.879,17.788,18.263,16.913,17.588,17.3,17.729,18.817,17.408,18.579,17.813,16.629,18.708
277,17.72,18.263,16.971,17.446,18.296,18.267,17.521,18.279,16.713,17.363,17.154,17.708,18.725,17.196,17.892,17.458,16.704,18.642
278,17.426,18.442,16.646,16.942,18.104,17.946,17.258,18.042,16.354,17.267,17.1,17.6,18.592,16.883,17.321,17.175,16.746,18.55
279,17.634,18.554,16.542,16.404,17.754,17.742,16.846,17.8,16.079,17.038,17.008,17.767,18.633,16.883,17.588,16.642,16.704,18.304
280,17.885,18.796,16.5,15.929,17.254,17.679,16.804,17.763,16.029,16.767,17.075,17.967,18.5,16.883,17.529,15.892,16.45,18.183
281,17.845,19.029,16.221,15.988,17.104,17.663,16.879,17.508,15.846,16.617,17.138,17.913,18.233,16.829,17.454,15.796,16.383,18.125
282,17.817,18.971,15.875,16.033,17.154,17.558,16.608,17.354,15.492,16.321,17.104,17.833,18.088,16.85,17.217,16.225,16.35,17.854
283,17.975,18.946,15.8,16.371,17.058,17.779,15.829,16.875,15.746,16.275,16.883,17.663,17.9,16.554,16.642,16.538,16.163,17.754
284,17.953,18.896,15.675,16.654,16.796,17.721,14.963,16.379,15.683,16.242,16.783,17.538,17.533,16.2,16.533,16.213,15.892,17.25
285,17.922,18.533,15.413,16.679,16.8,17.163,14.729,16.1,15.671,16.258,16.621,17.304,17.179,15.55,16.3,16.029,15.913,16.858
286,17.884,18.163,15.083,16.529,16.688,16.65,14.154,15.817,15.817,16.479,16.4,17.325,16.942,15,16.167,15.938,15.838,17.013
287,17.763,17.921,14.996,16.425,16.492,16.85,14.404,15.596,15.763,16.683,16.175,17.292,16.817,14.721,15.954,15.742,15.5,16.896
288,17.383,17.754,14.671,16.429,16.542,16.692,14.642,15.425,15.6,16.458,16.071,17.225,16.571,14.208,15.521,15.604,15.175,16.604
289,17.032,17.513,14.629,16.517,16.488,16.404,14.792,15.425,15.346,16.188,16.175,17.254,16.642,14.654,15.538,15.408,14.667,15.63
290,16.976,17.246,14.688,16.421,16.342,16.204,14.642,15.558,15.1,16.029,16.133,17.338,16.838,14.788,15.517,15.538,14.346,16.079
291,17.241,17.329,14.558,16.279,15.963,16.025,14.663,15.454,14.829,15.913,16.158,17.163,16.846,14.992,15.446,15.533,14.021,15.867
292,17.193,17.379,14.433,15.863,15.729,15.892,14.729,15.458,14.483,15.896,16.196,16.804,16.938,15.288,15.388,15.679,14.046,15.146
293,17.16,17.371,14.458,15.592,15.813,15.563,14.775,15.379,14.121,15.704,16.154,16.404,16.921,15.363,15.275,15.588,14.042,14.65
294,16.912,17.325,14.367,15.379,15.867,15.663,14.725,15.167,14.004,15.142,15.904,16.392,17.021,15.354,15.008,15.521,13.513,14.679
295,16.771,17.183,14.175,15.242,15.892,15.754,14.629,14.929,14.133,14.854,15.721,16.275,17.15,15.371,14.696,15.3,14.188,14.692
296,16.554,16.863,14.154,14.829,15.892,15.75,14.425,14.496,14.217,15.004,15.721,15.871,16.875,15.05,14.167,14.843,14.129,14.792
297,16.172,16.638,14.242,14.679,15.525,15.425,14.158,14.204,14.275,15.079,15.842,15.617,16.313,14.596,13.775,14.075,14.313,14.69
298,15.778,16.096,14.392,14.688,15.233,15.021,13.729,14.129,14.071,14.708,15.833,15.442,15.642,14.317,13.746,13.792,14.296,14.608
299,15.825,15.746,14.433,14.521,14.7,14.508,13.35,13.979,13.579,14.492,15.667,15.058,15.329,14.188,13.513,13.817,14.058,14.729
300,15.738,15.629,14.242,14.358,14.458,14.192,12.946,13.342,13.033,14.296,15.35,14.675,15.304,14.088,13.554,13.6,12.648,14.55
301,15.628,15.567,13.6,14.208,14.083,14.096,12.754,12.896,12.983,14.196,15.004,14.742,15.517,13.958,13.279,13.775,12.892,14.446
302,15.725,15.579,13.421,14.113,14.308,14.308,12.358,12.888,13.154,13.838,15.029,14.575,15.146,13.604,12.95,13.883,12.439,14.138
303,15.689,15.65,13.408,14.029,14.308,14.154,12.446,13.179,13.246,13.117,14.929,14.217,14.342,12.558,12.688,13.925,13.071,13.613
304,15.6,15.542,13.396,13.975,14.104,14.054,12.513,13.288,13.025,12.421,14.604,13.925,13.354,11.696,12.742,13.75,13.083,13.226
305,15.38,15.383,13.121,13.893,13.883,14.175,12.3,13.296,12.825,11.913,14.458,13.483,13.292,11.338,12.821,13.708,12.4,12.674
306,15.218,15.019,13.025,13.829,13.504,14.204,12.054,13.263,12.567,11.583,14.258,13.167,12.7,11.113,12.754,13.671,12.023, NA
307,14.951,14.842,12.725,13.817,13.471,13.975,11.9,13.229,12.463,11.546,14.033,13.042,12.592,11.05,12.708,13.529,11.921, NA
308,14.753,14.8,12.45,13.663,13.304,13.683,11.604,13.108,12.675,11.925,13.658,12.846,12.358,10.996,12.788,13.513,12.035, NA
309,14.364,14.738,12.446,13.616,12.996,13.617,11.583,12.738,12.475,12.267,13.367,12.292,11.942,11.104,12.629,13.275,11.796, NA
310,14.078,14.52,12.588,13.658,12.721,13.696,11.654,12.508,12.3,12.583,13.013,11.842,11.517,10.9,12.346,12.946,11.526, NA
311,13.922,14.421,12.192,13.646,12.733,13.588,11.646,12.296,12.417,12.546,12.863,11.746,11.329,10.767,12.029,12.85,11.524, NA
312,13.971,14.158,12.004,13.417,12.571,13.171,11.525,12.342,12.521,12.179,12.767,11.742,11.046,11.008,11.5,12.608,11.468, NA
313,13.841,13.85,11.95,13.004,12.45,12.671,11.438,12.367,12.442,12.083,12.413,11.546,11.067,11.158,11.1,12.329,11.542, NA
314,13.657,13.555,11.804,12.621,12.171,12.175,11.375,12.288,12.342,12.021,12.133,11.517,11.158,11.046,10.758,12.013,11.586, NA
315,13.242,12.744,11.629,12.283,11.942,12.121,11.429,12.358,12.058,11.55,12.129,11.495,10.938,10.896,10.421,11.578,11.678, NA
316,12.988,11.38,11.592,11.921,11.692,12.05,11.329,12.188,11.763,11.267,12.013,11.471,10.538,10.833,10.429,11.204,11.721, NA
317,12.83,10.711,11.75,11.804,11.292,11.921,11.158,12.288,11.525,11.008,11.871,11.3,10.163,10.804,10.721,11.033,11.679, NA
318,12.783,10.643,11.804,11.879,11.004,11.804,10.904,12.125,11.138,10.796,11.679,11.158,10.133,10.779,10.996,10.521,11.592, NA
319,12.483,10.071,11.488,11.967,10.733,11.858,10.683,11.688,11.046,10.704,11.296,11.021,10.025,10.454,11.021,10.229,11.592, NA
320,12.083,9.558,10.971,11.808,10.279,11.763,10.521,11.263,11.213,10.7,11.033,10.996,9.875,10.088,11,10.263,11.592, NA
321,11.91,9.183,10.633,11.725,9.892,11.583,10.363,11.158,11.183,10.567,10.777,11.092,9.533,10.033,10.933,10.129,11.492, NA
322,11.672,9.008,10.613,11.621,9.729,11.242,10.192,11.033,10.921,10.35,10.25,11.021,9.492,10.083,10.708,9.567,11.171, NA
323,11.193,8.613,10.675,11.608,9.646,11.092,10.167,10.942,10.617,10.079,9.825,10.85,9.473,10.213,10.371,9.45,10.888, NA
324,11.042,8.796,10.383,11.325,9.333,10.858,10.129,10.858,10.488,10.158,9.554,10.588,9.156,10.313,10.463,9.163,10.817, NA
325,10.515,8.988,9.654,11.033,9.188,10.571,9.946,10.858,9.996,10.221,9.321,10.354,8.942,10.371,10.433,8.767,10.779, NA
326,9.921,8.908,8.958,10.754,9.096,10.254,9.642,10.983,9.354,10.192,8.983,10.096,8.838,10.4,10.238,8.542,10.721, NA
327,9.7,8.871,8.571,10.617,9.042,9.696,9.463,10.954,8.817,9.988,8.842,9.971,8.508,10.379,9.9,8.279,10.742, NA
328,9.95,8.846,8.308,10.554,8.913,9.371,9.521,10.617,8.85,9.8,8.583,9.896,8.371,10.292,9.671,8.088,10.688, NA
329,9.787,9.058,8.242,10.588,8.792,9.071,9.388,10.15,8.804,9.713,8.725,10.067,8.363,9.958,9.75,8.288,10.6, NA
330,9.21,9.358,8.15,10.354,8.696,8.408,9.258,9.954,8.392,9.383,8.933,10.175,8.296,9.554,9.838,8.158,10.463, NA
331,8.63,9.308,8.15,9.646,8.675,8.221,9.179,9.879,8.638,8.9,8.879,9.979,8.246,9.283,9.608,8.242,10.263, NA
332,8.167,9.021,8.021,9.113,8.658,8.421,9.108,9.625,8.767,8.65,8.404,9.754,8.183,8.95,9,8.313,10.125, NA
333,7.808,8.563,8.158,8.954,8.542,8.325,8.933,9.879,8.663,8.058,8.167,9.483,8.358,8.692,8.808,7.958,9.758, NA
334,7.668,7.488,8.433,8.929,8.45,7.871,8.833,10.088,8.471,7.847,8.113,9.196,8.263,8.463,8.763,7.563,9.708, NA
335,7.305,6.754,8.688,9.129,8.225,7.779,8.692,10.233,8.188,7.9,7.896,8.963,8.033,8.858,8.717,7.679,9.683, NA
336,7.206,6.596,8.5,9.367,8.104,7.871,8.071, NA,7.917,7.483,7.758,8.979,7.892,9.129,8.575,7.521,9.508, NA
337,7.073,6.463,7.9,9.425,7.946,7.592,7.413, NA,7.821,6.867,7.788,8.996,7.921,8.646,8.533,7.425,9.271, NA
338,6.898,6.692,7.183,9.338,7.771,6.975,7.446, NA,7.788,6.771,7.721,8.971,7.504,8.492,8.508,7.333,9.129, NA
339,7.459,6.958,6.742,9.304,7.517,6.488,7.492, NA,7.808,6.929,7.654,8.892,7.408,8.413,8.542,7.075,9, NA
340,7.457,7.321,5.929,9.25,7.388,6.221,6.796, NA,7.796,6.517,7.358,8.817,7.617,8.308,8.567,6.917,8.992, NA
341,7.402,7.538,5.475,9.079,7.275,6.15,6.096, NA,7.704,6.233,6.579,8.679,7.654,8.275,8.396,6.696,8.854, NA
342,7.761,7.563,5.479,8.833,7.042,6.175,5.943, NA,7.658,6.113,6.05,8.521,7.55,8.175,8.258,6.633,8.792, NA
343, NA,7.613,5.225,8.483,6.777,6.179,5.592, NA,7.413,5.954,5.833,8.388,7.367,8.171,8.175,6.608,8.567, NA
344, NA,7.671,5.108,8.4,6.633,6.208,4.975, NA,7.163,5.817,5.567,8.371,7.25,8.2,8.05,6.883,8.321, NA
345, NA,7.671,4.95,8.463,6.883,6.025,5.017, NA,6.546,5.883,5.233,8.563,7.2,8.154,7.925,6.892,8.221, NA
346,6.86,7.7,4.825,8.442,6.371,6.158,5.175, NA,6.629,5.854,5.15,8.692,7.096,8.025,7.825,6.383,8.288, NA
347,6.717,7.642,5.038,8.396,5.992,6.317,5.208, NA,6.704,5.954,5.383,8.217,7.038,7.971,7.808,6.008,8.038, NA
348,6.628,7.333,5.1,8.35,6.075,6.296,5.292, NA,6.625,5.917,5.004,7.754,6.988,7.988,7.592,5.863,7.846, NA
349,6.575,7.004,5,8.171,6.113,6.2,5.013, NA,6.513,5.775,4.358,7.8,6.938,7.912,7.292,5.771,7.871, NA
350,6.639,6.813,5.008,7.971,6.171,6.083,4.967, NA,6.629,5.496,4.038,7.917,6.929,7.871,7.271,5.854,7.938, NA
351,6.443,6.767,4.867,7.775,5.925,5.742,4.975, NA,6.6,5.167,4,7.646,6.917,7.758,7.221,5.933,8.021, NA
352,6.369,6.867,4.7,7.542,5.921,5.517,4.958, NA,6.492,4.9,3.779,7.5,6.596,7.671,6.975,5.996,7.975, NA
353,6.683,7.092,4.45,7.313,6.021,5.517,4.925, NA,6.454,4.575,3.6,7.438,6.367,7.408,6.858,5.85,7.808, NA
354,6.841,7.175,4.217,7.258,5.975,5.525,5.025, NA,6.358,4.492,3.608,7.4,6.408,7.146,6.796,5.758,7.642, NA
355,6.923,7.433,4.229,7.092,5.767,5.442,5.092, NA,6.25,4.654,3.746,7.471,6.558,7.096,6.75,5.754,7.379, NA
356,7.002,7.421,4.488,7.058,5.404,5.546,4.958, NA,6.167,4.896,3.817,7.396,6.363,7.175,6.575,5.342,7.133, NA
357,6.945,7.45,4.683,7.046,5.221,5.675,4.708, NA,6.096,5.05,3.958,7.313,6.208,7.046,6.538,4.979,6.879, NA
358,6.879,7.5,4.713,7.075,5.175,5.683,4.217, NA,5.883,5.104,4.113,7.258,6.204,6.85,6.404,5.063,6.679, NA
359,6.856,7.404,4.567,6.908,4.975,5.804,3.675, NA,5.679,5.221,4.183,7.221,6.279,6.829,6.163,5.15,6.533, NA
360,6.646,7.3,4.375,6.679,5.004,5.979,3.454, NA,5.467,5.321,4.246,7.108,6.2,6.846,5.833,5.079,6.458, NA
361,6.231,7.179,4.275,6.425,5.171,6.113,3.471, NA,5.308,5.3,4.296,6.933,6.108,6.954,5.481,4.771,6.438, NA
362,6.118,7.029,4.4,6.452,5.433,6.142,3.65, NA,5.2,5.217,4.375,6.663,6.033,6.94,5.383,4.75,6.379, NA
363,6.039,6.813,4.429,6.292,5.642,5.975,3.675, NA,5.2,4.942,4.4,6.35,5.717, NA,5.392,4.679,6.313, NA
364,5.762,6.146,4.454,6.075,5.642,5.713,3.829, NA,5.121,4.783,4.325,6.208,5.413,6.773,5.475,4.538,6.105, NA
365,5.331,5.713,4.508,5.904,5.463,5.275,3.888, NA,5.058,4.571,4.329,6.138,5.196,6.713,5.529,4.721, NA, NA
366, NA, NA, NA,5.554, NA, NA, NA, NA, NA, NA, NA,6.067, NA, NA, NA,4.721, NA, NA
